--
-- PostgreSQL database dump
--

-- Dumped from database version 17.0
-- Dumped by pg_dump version 17.0

SET statement_timeout = 0;
SET lock_timeout = 0;
SET idle_in_transaction_session_timeout = 0;
SET transaction_timeout = 0;
SET client_encoding = 'UTF8';
SET standard_conforming_strings = on;
SELECT pg_catalog.set_config('search_path', '', false);
SET check_function_bodies = false;
SET xmloption = content;
SET client_min_messages = warning;
SET row_security = off;

SET default_tablespace = '';

SET default_table_access_method = heap;

--
-- Name: api_customermodel; Type: TABLE; Schema: public; Owner: postgres
--

CREATE TABLE public.api_customermodel (
    customer_id integer NOT NULL,
    first_name character varying(200),
    last_name character varying(200),
    age integer,
    phone_number bigint,
    monthly_salary integer,
    approved_limit integer,
    current_debt integer
);


ALTER TABLE public.api_customermodel OWNER TO postgres;

--
-- Name: api_customermodel_customer_id_seq; Type: SEQUENCE; Schema: public; Owner: postgres
--

ALTER TABLE public.api_customermodel ALTER COLUMN customer_id ADD GENERATED BY DEFAULT AS IDENTITY (
    SEQUENCE NAME public.api_customermodel_customer_id_seq
    START WITH 1
    INCREMENT BY 1
    NO MINVALUE
    NO MAXVALUE
    CACHE 1
);


--
-- Name: api_loanmodel; Type: TABLE; Schema: public; Owner: postgres
--

CREATE TABLE public.api_loanmodel (
    loan_id integer NOT NULL,
    loan_amount numeric(10,2),
    tenure integer,
    interest_rate numeric(10,2),
    monthly_repayment numeric(10,2),
    emis_paid_on_time integer,
    start_date date,
    end_date date,
    customer_id_id integer NOT NULL
);


ALTER TABLE public.api_loanmodel OWNER TO postgres;

--
-- Name: api_loanmodel_loan_id_seq; Type: SEQUENCE; Schema: public; Owner: postgres
--

ALTER TABLE public.api_loanmodel ALTER COLUMN loan_id ADD GENERATED BY DEFAULT AS IDENTITY (
    SEQUENCE NAME public.api_loanmodel_loan_id_seq
    START WITH 1
    INCREMENT BY 1
    NO MINVALUE
    NO MAXVALUE
    CACHE 1
);


--
-- Name: auth_group; Type: TABLE; Schema: public; Owner: postgres
--

CREATE TABLE public.auth_group (
    id integer NOT NULL,
    name character varying(150) NOT NULL
);


ALTER TABLE public.auth_group OWNER TO postgres;

--
-- Name: auth_group_id_seq; Type: SEQUENCE; Schema: public; Owner: postgres
--

ALTER TABLE public.auth_group ALTER COLUMN id ADD GENERATED BY DEFAULT AS IDENTITY (
    SEQUENCE NAME public.auth_group_id_seq
    START WITH 1
    INCREMENT BY 1
    NO MINVALUE
    NO MAXVALUE
    CACHE 1
);


--
-- Name: auth_group_permissions; Type: TABLE; Schema: public; Owner: postgres
--

CREATE TABLE public.auth_group_permissions (
    id bigint NOT NULL,
    group_id integer NOT NULL,
    permission_id integer NOT NULL
);


ALTER TABLE public.auth_group_permissions OWNER TO postgres;

--
-- Name: auth_group_permissions_id_seq; Type: SEQUENCE; Schema: public; Owner: postgres
--

ALTER TABLE public.auth_group_permissions ALTER COLUMN id ADD GENERATED BY DEFAULT AS IDENTITY (
    SEQUENCE NAME public.auth_group_permissions_id_seq
    START WITH 1
    INCREMENT BY 1
    NO MINVALUE
    NO MAXVALUE
    CACHE 1
);


--
-- Name: auth_permission; Type: TABLE; Schema: public; Owner: postgres
--

CREATE TABLE public.auth_permission (
    id integer NOT NULL,
    name character varying(255) NOT NULL,
    content_type_id integer NOT NULL,
    codename character varying(100) NOT NULL
);


ALTER TABLE public.auth_permission OWNER TO postgres;

--
-- Name: auth_permission_id_seq; Type: SEQUENCE; Schema: public; Owner: postgres
--

ALTER TABLE public.auth_permission ALTER COLUMN id ADD GENERATED BY DEFAULT AS IDENTITY (
    SEQUENCE NAME public.auth_permission_id_seq
    START WITH 1
    INCREMENT BY 1
    NO MINVALUE
    NO MAXVALUE
    CACHE 1
);


--
-- Name: auth_user; Type: TABLE; Schema: public; Owner: postgres
--

CREATE TABLE public.auth_user (
    id integer NOT NULL,
    password character varying(128) NOT NULL,
    last_login timestamp with time zone,
    is_superuser boolean NOT NULL,
    username character varying(150) NOT NULL,
    first_name character varying(150) NOT NULL,
    last_name character varying(150) NOT NULL,
    email character varying(254) NOT NULL,
    is_staff boolean NOT NULL,
    is_active boolean NOT NULL,
    date_joined timestamp with time zone NOT NULL
);


ALTER TABLE public.auth_user OWNER TO postgres;

--
-- Name: auth_user_groups; Type: TABLE; Schema: public; Owner: postgres
--

CREATE TABLE public.auth_user_groups (
    id bigint NOT NULL,
    user_id integer NOT NULL,
    group_id integer NOT NULL
);


ALTER TABLE public.auth_user_groups OWNER TO postgres;

--
-- Name: auth_user_groups_id_seq; Type: SEQUENCE; Schema: public; Owner: postgres
--

ALTER TABLE public.auth_user_groups ALTER COLUMN id ADD GENERATED BY DEFAULT AS IDENTITY (
    SEQUENCE NAME public.auth_user_groups_id_seq
    START WITH 1
    INCREMENT BY 1
    NO MINVALUE
    NO MAXVALUE
    CACHE 1
);


--
-- Name: auth_user_id_seq; Type: SEQUENCE; Schema: public; Owner: postgres
--

ALTER TABLE public.auth_user ALTER COLUMN id ADD GENERATED BY DEFAULT AS IDENTITY (
    SEQUENCE NAME public.auth_user_id_seq
    START WITH 1
    INCREMENT BY 1
    NO MINVALUE
    NO MAXVALUE
    CACHE 1
);


--
-- Name: auth_user_user_permissions; Type: TABLE; Schema: public; Owner: postgres
--

CREATE TABLE public.auth_user_user_permissions (
    id bigint NOT NULL,
    user_id integer NOT NULL,
    permission_id integer NOT NULL
);


ALTER TABLE public.auth_user_user_permissions OWNER TO postgres;

--
-- Name: auth_user_user_permissions_id_seq; Type: SEQUENCE; Schema: public; Owner: postgres
--

ALTER TABLE public.auth_user_user_permissions ALTER COLUMN id ADD GENERATED BY DEFAULT AS IDENTITY (
    SEQUENCE NAME public.auth_user_user_permissions_id_seq
    START WITH 1
    INCREMENT BY 1
    NO MINVALUE
    NO MAXVALUE
    CACHE 1
);


--
-- Name: django_admin_log; Type: TABLE; Schema: public; Owner: postgres
--

CREATE TABLE public.django_admin_log (
    id integer NOT NULL,
    action_time timestamp with time zone NOT NULL,
    object_id text,
    object_repr character varying(200) NOT NULL,
    action_flag smallint NOT NULL,
    change_message text NOT NULL,
    content_type_id integer,
    user_id integer NOT NULL,
    CONSTRAINT django_admin_log_action_flag_check CHECK ((action_flag >= 0))
);


ALTER TABLE public.django_admin_log OWNER TO postgres;

--
-- Name: django_admin_log_id_seq; Type: SEQUENCE; Schema: public; Owner: postgres
--

ALTER TABLE public.django_admin_log ALTER COLUMN id ADD GENERATED BY DEFAULT AS IDENTITY (
    SEQUENCE NAME public.django_admin_log_id_seq
    START WITH 1
    INCREMENT BY 1
    NO MINVALUE
    NO MAXVALUE
    CACHE 1
);


--
-- Name: django_content_type; Type: TABLE; Schema: public; Owner: postgres
--

CREATE TABLE public.django_content_type (
    id integer NOT NULL,
    app_label character varying(100) NOT NULL,
    model character varying(100) NOT NULL
);


ALTER TABLE public.django_content_type OWNER TO postgres;

--
-- Name: django_content_type_id_seq; Type: SEQUENCE; Schema: public; Owner: postgres
--

ALTER TABLE public.django_content_type ALTER COLUMN id ADD GENERATED BY DEFAULT AS IDENTITY (
    SEQUENCE NAME public.django_content_type_id_seq
    START WITH 1
    INCREMENT BY 1
    NO MINVALUE
    NO MAXVALUE
    CACHE 1
);


--
-- Name: django_migrations; Type: TABLE; Schema: public; Owner: postgres
--

CREATE TABLE public.django_migrations (
    id bigint NOT NULL,
    app character varying(255) NOT NULL,
    name character varying(255) NOT NULL,
    applied timestamp with time zone NOT NULL
);


ALTER TABLE public.django_migrations OWNER TO postgres;

--
-- Name: django_migrations_id_seq; Type: SEQUENCE; Schema: public; Owner: postgres
--

ALTER TABLE public.django_migrations ALTER COLUMN id ADD GENERATED BY DEFAULT AS IDENTITY (
    SEQUENCE NAME public.django_migrations_id_seq
    START WITH 1
    INCREMENT BY 1
    NO MINVALUE
    NO MAXVALUE
    CACHE 1
);


--
-- Name: django_session; Type: TABLE; Schema: public; Owner: postgres
--

CREATE TABLE public.django_session (
    session_key character varying(40) NOT NULL,
    session_data text NOT NULL,
    expire_date timestamp with time zone NOT NULL
);


ALTER TABLE public.django_session OWNER TO postgres;

--
-- Data for Name: api_customermodel; Type: TABLE DATA; Schema: public; Owner: postgres
--

COPY public.api_customermodel (customer_id, first_name, last_name, age, phone_number, monthly_salary, approved_limit, current_debt) FROM stdin;
2	Abbey	Gonzalez	20	9278790909	33000	1400000	\N
3	Abbie	Rodrigues	47	9775988997	193000	2500000	\N
4	Abby	Fernandez	60	9612343117	117000	2600000	\N
5	Abdul	Lopez	40	9175345317	219000	1000000	\N
6	Abe	Martinez	28	9763703492	129000	1900000	\N
7	Abel	Sanchez	65	9878469188	73000	2600000	\N
9	Abraham	Gomez	29	9419749629	163000	3100000	\N
10	Abram	Martin	37	9748307760	89000	1000000	\N
11	Ada	Jimenez	27	9114084983	85000	2400000	\N
12	Adah	Ruiz	49	9377510369	289000	2600000	\N
13	Adalberto	Hernandez	41	9275637027	229000	2700000	\N
14	Adaline	Diaz	65	9519253076	253000	3900000	\N
15	Adam	Moreno	55	9998047318	56000	2200000	\N
16	Adan	Alvarez	35	9149386281	230000	4200000	\N
17	Addie	Mu├▒oz	51	9362421503	168000	2500000	\N
18	Adela	Romero	68	9129350558	204000	2600000	\N
19	Adelaida	Alonso	58	9556780762	45000	900000	\N
20	Adelaide	Gutierrez	40	9981571392	269000	3600000	\N
21	Adele	Navarro	66	9128707865	109000	4100000	\N
22	Adelia	Torres	38	9755130143	150000	1200000	\N
24	Adeline	Vazquez	29	9707391933	142000	1300000	\N
25	Adell	Ramos	26	9833643293	96000	4900000	\N
26	Adella	Gil	23	9860014213	43000	2500000	\N
27	Adelle	Ramirez	69	9613567377	202000	1400000	\N
28	Adena	Serrano	43	9850668363	108000	2400000	\N
29	Adina	Blanco	44	9376270084	278000	2200000	\N
30	Adolfo	Molina	63	9191813781	287000	4600000	\N
31	Adolph	Suarez	59	9365435418	86000	3000000	\N
32	Adria	Morales	34	9261139969	169000	1100000	\N
33	Adrian	Ortega	45	9957610104	138000	4000000	\N
34	Adriana	Delgado	31	9528688972	112000	3700000	\N
35	Adriane	Castro	37	9701341235	180000	2500000	\N
36	Adrianna	Ortiz	65	9150167494	111000	1600000	\N
37	Adrianne	Rubio	36	9563808129	282000	1300000	\N
38	Adrien	Marin	34	9488986811	229000	4800000	\N
39	Adriene	Sanz	21	9669953880	33000	3200000	\N
40	Adrienne	Nu├▒ez	36	9630748682	169000	4600000	\N
41	Afton	Iglesias	40	9883645168	268000	1300000	\N
42	Agatha	Medina	32	9832111103	229000	1600000	\N
43	Agnes	Garrido	31	9545534969	172000	3100000	\N
45	Agripina	Castillo	27	9409905029	70000	2000000	\N
46	Agueda	Cortes	60	9831635836	168000	1900000	\N
47	Agustin	Lozano	64	9518442246	202000	4100000	\N
48	Agustina	Guerrero	25	9891249533	192000	1500000	\N
49	Ahmad	Cano	61	9625940161	57000	4700000	\N
50	Ahmed	Prieto	57	9917217682	122000	5000000	\N
51	Ai	Mendez	57	9110300525	146000	2000000	\N
52	Aida	Calvo	60	9864625224	294000	3700000	\N
53	Aide	Cruz	54	9779254592	247000	4100000	\N
54	Aiko	Gallego	56	9575734616	242000	4200000	\N
55	Aileen	Vidal	25	9181511694	243000	2200000	\N
56	Ailene	Leon	28	9737140572	268000	4500000	\N
57	Aimee	Herrera	65	9665309079	91000	4100000	\N
58	Aisha	Marquez	62	9614670209	173000	2800000	\N
59	Aja	Pe├▒a	64	9408267310	147000	1500000	\N
60	Akiko	Cabrera	32	9686201082	73000	3800000	\N
62	Al	Campos	47	9149217543	137000	3900000	\N
63	Alaina	Vega	35	9992348339	103000	2200000	\N
64	Alaine	Diez	55	9758344890	251000	4500000	\N
65	Alan	Fuentes	57	9595569782	115000	2900000	\N
66	Alana	Carrasco	26	9427347438	115000	900000	\N
67	Alane	Caballero	58	9361616072	125000	1900000	\N
68	Alanna	Nieto	66	9524176204	125000	3500000	\N
69	Alayna	Reyes	66	9268654052	272000	1800000	\N
70	Alba	Aguilar	26	9205423253	182000	4500000	\N
71	Albert	Pascual	47	9562313349	200000	1400000	\N
72	Alberta	Herrero	47	9491724627	262000	2600000	\N
73	Albertha	Santana	29	9816789699	37000	1000000	\N
74	Albertina	Lorenzo	42	9634762010	97000	4300000	\N
75	Albertine	Hidalgo	26	9218601399	179000	2800000	\N
76	Alberto	Montero	49	9981075707	156000	3600000	\N
77	Albina	Iba├▒ez	52	9974454249	86000	2700000	\N
79	Alden	Ferrer	37	9991320743	98000	1800000	\N
80	Aldo	Duran	33	9462704542	124000	4800000	\N
81	Alease	Vicente	23	9564591142	173000	1400000	\N
82	Alec	Benitez	28	9179390750	226000	3600000	\N
83	Alecia	Santiago	38	9381758869	118000	3200000	\N
84	Aleen	Arias	21	9730406749	173000	2100000	\N
85	Aleida	Mora	21	9137987756	297000	2000000	\N
86	Aleisha	Vargas	30	9223519103	99000	1500000	\N
87	Alejandra	Carmona	25	9445837880	283000	4500000	\N
88	Alejandrina	Crespo	43	9751473139	153000	4000000	\N
89	Alejandro	Roman	49	9128163265	254000	900000	\N
90	Alena	Pastor	60	9894229042	188000	1100000	\N
91	Alene	Soto	23	9739726730	117000	5000000	\N
92	Alesha	Saez	69	9189519360	299000	4700000	\N
93	Aleshia	Velasco	51	9421081778	40000	2500000	\N
94	Alesia	Soler	36	9575328207	274000	2200000	\N
96	Aleta	Esteban	59	9988557960	32000	2200000	\N
97	Aletha	Parra	62	9359949074	82000	4200000	\N
98	Alethea	Bravo	48	9166978798	128000	2300000	\N
99	Alethia	Gallardo	26	9566370655	61000	5000000	\N
100	Alex	Rojas	54	9188818547	126000	1600000	\N
101	Alexa	Pardo	24	9323499370	220000	3000000	\N
102	Alexander	Merino	25	9374095164	72000	2700000	\N
103	Alexandra	Franco	28	9753274093	183000	3300000	\N
104	Alexandria	Espinosa	56	9127076732	228000	2400000	\N
105	Alexia	Lara	39	9532197189	270000	2200000	\N
106	Alexis	Izquierdo	55	9735221602	210000	1100000	\N
107	Alfonso	Rivas	60	9705098042	179000	1800000	\N
108	Alfonzo	Rivera	43	9686191215	160000	2200000	\N
109	Alfred	Silva	32	9181911447	83000	4100000	\N
110	Alfreda	Casado	33	9496701237	82000	2100000	\N
111	Alfredia	Arroyo	42	9507833646	254000	1600000	\N
113	Ali	Camacho	62	9418043666	133000	3300000	\N
114	Alia	Vera	25	9825891714	286000	1400000	\N
115	Alica	Rey	40	9622353299	56000	2600000	\N
116	Alice	Otero	57	9651800595	295000	4800000	\N
117	Alicia	Luque	55	9432594533	142000	3400000	\N
118	Alida	Galan	65	9797193032	66000	2800000	\N
120	Aline	Rios	56	9931069853	35000	3300000	\N
121	Alisa	Sierra	49	9553301335	185000	2600000	\N
122	Alise	Segura	47	9435660957	111000	3900000	\N
123	Alisha	Carrillo	39	9358282814	296000	2200000	\N
124	Alishia	Marcos	42	9602750181	66000	4700000	\N
125	Alisia	Marti	32	9238590504	187000	2600000	\N
127	Alissa	Mendoza	50	9113529525	156000	2300000	\N
128	Alita	Bernal	59	9466876139	80000	4200000	\N
129	Alix	Robles	28	9147382619	82000	1500000	\N
130	Aliza	Vila	54	9514797279	137000	2300000	\N
131	Alla	Valero	67	9646696515	85000	1500000	\N
132	Allan	Palacios	54	9712913338	62000	3800000	\N
133	Alleen	Exposito	21	9877268337	226000	2000000	\N
134	Allegra	Benito	60	9874514960	35000	3100000	\N
135	Allen	Varela	69	9613876405	207000	3100000	\N
136	Allena	Andres	42	9382806265	149000	3300000	\N
137	Allene	Macias	66	9246753642	67000	3800000	\N
138	Allie	Pereira	44	9445865951	38000	2000000	\N
139	Alline	Guerra	33	9849527399	188000	2200000	\N
140	Allison	Heredia	55	9108426917	117000	1800000	\N
141	Allyn	Bueno	51	9151744928	145000	3500000	\N
142	Allyson	Roldan	33	9332615028	126000	1100000	\N
144	Almeda	Villar	32	9974670955	160000	4700000	\N
145	Almeta	Contreras	54	9710283227	254000	2700000	\N
146	Alona	Miranda	58	9799331943	253000	4700000	\N
147	Alonso	Guillen	70	9212915606	220000	1600000	\N
148	Alonzo	Mateos	40	9449095187	93000	2000000	\N
149	Alpha	Escudero	63	9969294698	149000	2800000	\N
150	Alphonse	Aguilera	27	9722591656	157000	3100000	\N
151	Alphonso	Casas	64	9141726068	250000	4800000	\N
152	Alta	Menendez	34	9887886049	291000	4300000	\N
153	Altagracia	Aparicio	62	9320321242	215000	3100000	\N
154	Altha	Rivero	31	9475534315	52000	2700000	\N
155	Althea	Estevez	29	9179384063	126000	1100000	\N
156	Alton	Beltran	41	9337276177	189000	1100000	\N
157	Alva	Padilla	59	9827444359	235000	4000000	\N
158	Alvaro	Calderon	38	9323617366	197000	3400000	\N
159	Alvera	Rico	51	9704581467	163000	1900000	\N
161	Alvin	Galvez	69	9363267543	282000	2800000	\N
162	Alvina	Abad	38	9451186595	135000	2800000	\N
163	Alyce	Conde	29	9643464078	286000	2900000	\N
164	Alycia	Salas	50	9316384637	129000	1500000	\N
165	Alysa	Jurado	42	9201326304	58000	1800000	\N
166	Alyse	Quintana	41	9481659601	47000	3300000	\N
167	Alysha	Plaza	26	9641961065	142000	2500000	\N
168	Alysia	Acosta	27	9380264639	194000	4800000	\N
169	Alyson	Aranda	45	9525136195	178000	3800000	\N
170	Alyssa	Blazquez	22	9964508328	111000	3000000	\N
171	Amada	Bermudez	63	9521112531	138000	3800000	\N
172	Amado	Roca	35	9889502231	260000	800000	\N
173	Amal	Salazar	44	9401771136	222000	4600000	\N
174	Amalia	Costa	40	9882495478	183000	3900000	\N
176	Amber	Miguel	69	9910185838	107000	2400000	\N
177	Amberly	Guzman	57	9800339036	137000	2800000	\N
178	Ambrose	Serra	23	9189346724	134000	2700000	\N
179	Amee	Villanueva	65	9434796450	50000	1500000	\N
180	Amelia	Manzano	33	9462575278	189000	4100000	\N
181	America	Cuesta	56	9213807132	288000	3900000	\N
182	Ami	Tomas	57	9942105069	61000	2100000	\N
183	Amie	Hurtado	28	9220299612	294000	2100000	\N
184	Amiee	Rueda	43	9282430141	106000	4300000	\N
185	Amina	Trujillo	26	9117895864	154000	4500000	\N
186	Amira	Avila	22	9766809898	117000	4400000	\N
187	Ammie	Pacheco	39	9285592769	34000	4900000	\N
188	Amos	Simon	26	9229411461	107000	3300000	\N
189	Amparo	De La Fuente	36	9904125266	197000	4200000	\N
190	Amy	Pons	21	9525562036	264000	3700000	\N
191	An	Lazaro	39	9878621805	218000	1200000	\N
192	Ana	Mesa	65	9953004088	231000	2600000	\N
193	Anabel	Sancho	49	9344895758	292000	1500000	\N
194	Analisa	Del Rio	55	9847471634	240000	3800000	\N
196	Anastacia	Millan	69	9151416579	84000	4400000	\N
197	Anastasia	Blasco	24	9700368897	165000	4500000	\N
198	Andera	Alarcon	47	9233639894	35000	3300000	\N
199	Anderson	Luna	50	9831106184	72000	4300000	\N
200	Andra	Zamora	67	9512891717	132000	3700000	\N
201	Andre	Casta├▒o	59	9409193879	257000	1400000	\N
202	Andrea	Salvador	66	9230856699	160000	1900000	\N
203	Andreas	Bermejo	39	9404295289	127000	1600000	\N
204	Andree	Paredes	64	9546474790	50000	4700000	\N
205	Andres	Anton	46	9423711581	61000	4000000	\N
206	Andrew	Ballesteros	47	9286300384	101000	2100000	\N
207	Andria	Valverde	66	9578800227	210000	4700000	\N
208	Andy	Maldonado	21	9961709322	37000	2200000	\N
209	Anette	Bautista	29	9792613387	284000	4700000	\N
210	Angel	Valle	42	9975548297	129000	3400000	\N
211	Angela	Ponce	54	9809832965	93000	1900000	\N
212	Angele	Oliva	22	9907227554	243000	1700000	\N
214	Angeles	Lorente	50	9545243694	285000	4200000	\N
215	Angelia	Cordero	68	9630396318	38000	4700000	\N
216	Angelic	Juan	68	9761418031	223000	2200000	\N
217	Angelica	De La Cruz	24	9606056493	182000	1200000	\N
218	Angelika	Mas	47	9317388805	34000	1900000	\N
219	Angelina	Collado	54	9317060744	161000	4900000	\N
220	Angeline	Murillo	27	9562423937	134000	2100000	\N
221	Angelique	Pozo	30	9593407816	68000	1300000	\N
222	Angelita	Montoya	20	9445413160	147000	2600000	\N
223	Angella	Cuenca	36	9506339628	151000	1000000	\N
224	Angelo	Cuevas	45	9632141575	176000	4800000	\N
225	Angelyn	Martos	54	9363893652	185000	800000	\N
226	Angie	Marco	20	9740153812	102000	4600000	\N
227	Angila	Barroso	67	9348283339	192000	4800000	\N
228	Angla	Ros	66	9525270367	120000	1200000	\N
229	Angle	Quesada	32	9320289803	117000	2800000	\N
230	Anglea	De La Torre	32	9209824831	172000	1400000	\N
231	Anh	Barrera	69	9438790371	109000	1900000	\N
232	Anibal	Ordo├▒ez	42	9914415599	187000	4700000	\N
233	Anika	Gimeno	31	9906529352	262000	4300000	\N
235	Anisha	Corral	51	9308349212	141000	2000000	\N
236	Anissa	Puig	50	9651785037	240000	4800000	\N
1	Aaron	Garcia	63	9629317944	50000	4500000	\N
8	Abigail	Perez	20	9312500421	268000	2200000	\N
23	Adelina	Dominguez	64	9157807459	184000	2800000	\N
44	Agnus	Santos	47	9413223979	101000	1300000	\N
61	Akilah	Flores	26	9243583593	166000	2800000	\N
78	Alda	Gimenez	21	9167349806	139000	2800000	\N
95	Alessandra	Moya	25	9433928278	204000	1700000	\N
112	Alfredo	Redondo	62	9400932820	109000	3500000	\N
119	Alina	Montes	38	9787338247	65000	1800000	\N
126	Alison	Soriano	25	9271505723	298000	2200000	\N
143	Alma	Mateo	38	9728766910	206000	4900000	\N
160	Alverta	Gracia	31	9135078377	204000	1100000	\N
175	Amanda	Santamaria	22	9732443173	207000	2300000	\N
195	Anamaria	Escobar	65	9775138358	159000	4100000	\N
213	Angelena	Rodrigo	62	9717190489	240000	1900000	\N
234	Anisa	Alba	32	9992247608	138000	2300000	\N
237	Anita	Cabello	64	9505917637	264000	4300000	\N
238	Anitra	Pulido	54	9437880477	85000	3300000	\N
239	Anja	Rojo	38	9831684307	231000	1300000	\N
240	Anjanette	Navas	39	9881414926	126000	1100000	\N
241	Anjelica	Saiz	29	9993219098	72000	3200000	\N
242	Ann	Arenas	21	9114155672	81000	4400000	\N
243	Anna	Aguado	49	9999757819	111000	2500000	\N
244	Annabel	Soria	48	9490132408	250000	2900000	\N
245	Annabell	Domingo	53	9744129141	170000	3400000	\N
246	Annabelle	Galindo	36	9527557533	175000	2500000	\N
247	Annalee	Mena	64	9507039105	189000	2500000	\N
248	Annalisa	Escribano	35	9235465741	54000	1300000	\N
249	Annamae	Vallejo	20	9520954671	143000	1700000	\N
250	Annamaria	Valencia	68	9120189951	165000	2600000	\N
251	Annamarie	Asensio	43	9772698915	65000	4700000	\N
252	Anne	Ramon	67	9486625000	45000	2400000	\N
253	Anneliese	Lucas	23	9723576704	204000	3800000	\N
254	Annelle	Caro	21	9828481296	266000	4400000	\N
255	Annemarie	Polo	27	9166250716	250000	1500000	\N
256	Annett	Chen	53	9167784356	221000	2800000	\N
257	Annetta	Aguirre	35	9247752157	109000	3600000	\N
258	Annette	Naranjo	60	9757972808	48000	4500000	\N
259	Annice	Amador	49	9116409106	236000	1200000	\N
260	Annie	Villalba	28	9836257121	82000	1700000	\N
261	Annika	Mata	24	9691216518	209000	3200000	\N
262	Annis	Reina	27	9298388045	112000	1700000	\N
263	Annita	Paz	26	9102190008	57000	1000000	\N
264	Annmarie	Moran	60	9480022732	98000	3900000	\N
265	Anthony	Linares	30	9405972517	123000	1100000	\N
266	Antione	Ojeda	56	9541658903	108000	1700000	\N
267	Antionette	Leal	20	9228631557	212000	4300000	\N
268	Antoine	Burgos	32	9213995694	58000	1900000	\N
269	Antoinette	Carretero	62	9178620988	285000	4200000	\N
270	Anton	Oliver	26	9956598054	227000	3200000	\N
271	Antone	Bonilla	47	9345234695	260000	1800000	\N
272	Antonetta	Sosa	40	9405872422	214000	4200000	\N
273	Antonette	Roig	57	9518976383	115000	2700000	\N
274	Antonia	Aragon	62	9547709205	215000	1200000	\N
275	Antonietta	Carrion	44	9899647979	81000	5000000	\N
276	Antonina	Clemente	28	9666830297	46000	1400000	\N
277	Antonio	Villa	29	9984306813	214000	2900000	\N
278	Antony	Castellano	40	9819261784	75000	3100000	\N
279	Antwan	Cordoba	59	9443939782	116000	3500000	\N
280	Anya	Carrera	50	9874876902	185000	1700000	\N
281	Apolonia	Hernando	24	9887567962	217000	4100000	\N
282	April	Rosa	56	9420633068	38000	1100000	\N
283	Apryl	Andreu	56	9938512409	228000	2500000	\N
284	Ara	Caceres	29	9697148952	135000	3600000	\N
285	Araceli	Mohamed	30	9651985884	249000	2000000	\N
286	Aracelis	Calero	33	9798534191	111000	3400000	\N
287	Aracely	Cardenas	34	9492301818	250000	4500000	\N
288	Arcelia	Cobo	53	9860490835	145000	2200000	\N
289	Archie	Correa	21	9191616203	287000	3800000	\N
290	Ardath	Juarez	25	9170005981	32000	2300000	\N
291	Ardelia	Velazquez	30	9100608966	136000	2600000	\N
292	Ardell	Alcaraz	21	9212845059	160000	3600000	\N
293	Ardella	Chacon	51	9296412860	274000	2900000	\N
294	Ardelle	Ferreira	25	9169200783	177000	3900000	\N
295	Arden	Sola	69	9647665813	148000	4200000	\N
296	Ardis	Domenech	56	9757942407	35000	1000000	\N
297	Ardith	Zapata	40	9249491764	94000	2400000	\N
298	Aretha	Riera	61	9124680892	188000	2900000	\N
299	Argelia	Saavedra	30	9614182220	85000	4100000	\N
300	Argentina	Toledo	46	9506356490	112000	5000000	\N
\.


--
-- Data for Name: api_loanmodel; Type: TABLE DATA; Schema: public; Owner: postgres
--

COPY public.api_loanmodel (loan_id, loan_amount, tenure, interest_rate, monthly_repayment, emis_paid_on_time, start_date, end_date, customer_id_id) FROM stdin;
5930	900000.00	129	8.20	15344.00	114	2017-03-09	2027-12-09	14
2941	300000.00	3	13.46	100000.00	3	2011-09-06	2011-12-06	270
5152	200000.00	147	12.39	5526.00	126	2015-07-13	2027-10-13	28
6701	500000.00	171	12.72	15631.00	160	2021-01-04	2035-04-04	68
7997	400000.00	135	12.10	10408.00	81	2019-05-02	2030-08-02	244
4648	700000.00	18	12.57	43777.00	13	2020-09-10	2022-03-10	229
8977	200000.00	21	17.07	11150.00	19	2011-07-08	2013-04-08	29
8532	200000.00	144	13.03	6039.00	99	2011-11-11	2023-11-11	93
8579	200000.00	159	10.65	4688.00	141	2011-11-25	2025-02-25	138
8321	100000.00	177	9.59	2036.00	123	2011-08-07	2026-05-07	53
2108	800000.00	120	9.14	15986.00	104	2019-12-08	2029-12-08	12
3832	1000000.00	9	9.12	111111.00	6	2016-11-01	2017-08-01	133
4207	200000.00	120	17.10	8080.00	74	2014-01-30	2024-01-30	187
1548	600000.00	102	17.89	21947.00	65	2022-12-01	2031-06-01	21
6957	600000.00	90	16.14	19001.00	56	2018-02-16	2025-08-16	251
1313	500000.00	69	13.21	13475.00	42	2017-07-01	2023-04-01	105
2751	200000.00	81	12.84	5097.00	50	2016-03-09	2022-12-09	173
1787	600000.00	132	16.87	25253.00	88	2021-12-29	2032-12-29	280
9640	600000.00	129	11.83	14228.00	122	2012-02-23	2022-11-23	35
6917	700000.00	84	10.42	16678.00	79	2022-01-10	2029-01-10	209
1438	500000.00	57	17.52	16732.00	56	2013-08-13	2018-05-13	70
2767	500000.00	150	16.78	21444.00	111	2018-08-26	2031-02-26	186
6018	600000.00	120	8.91	11739.00	94	2017-12-02	2027-12-02	270
3363	700000.00	120	14.01	21644.00	99	2019-04-04	2029-04-04	223
6719	200000.00	102	10.15	4249.00	92	2010-01-26	2018-07-26	107
8112	500000.00	54	16.06	16800.00	35	2015-07-17	2020-01-17	265
9996	600000.00	90	18.00	21236.00	59	2023-02-12	2030-08-12	260
4439	900000.00	105	8.87	16917.00	64	2016-03-07	2024-12-07	15
2826	400000.00	15	9.79	29277.00	9	2022-02-18	2023-05-18	125
7191	300000.00	93	14.61	8379.00	90	2023-08-01	2031-05-01	173
3792	300000.00	159	9.55	6176.00	112	2016-01-06	2029-04-06	129
3056	400000.00	141	16.32	14964.00	99	2013-07-24	2025-04-24	276
6592	300000.00	147	8.37	5354.00	93	2016-09-26	2028-12-26	24
1151	900000.00	24	17.01	51343.00	19	2017-07-24	2019-07-24	288
5639	200000.00	81	10.59	4517.00	74	2022-05-28	2029-02-28	74
8659	500000.00	63	9.65	12580.00	60	2010-03-14	2015-06-14	258
3301	800000.00	108	14.55	25155.00	86	2016-08-19	2025-08-19	290
4364	200000.00	126	13.61	5686.00	118	2014-08-27	2025-02-27	184
1302	1000000.00	90	15.24	29990.00	61	2020-06-03	2027-12-03	187
8265	700000.00	150	13.23	20727.00	127	2020-11-13	2033-05-13	29
5607	400000.00	81	13.16	10369.00	64	2017-03-20	2023-12-20	2
1039	600000.00	63	14.52	18759.00	63	2014-07-06	2019-10-06	191
7023	500000.00	81	16.79	15665.00	57	2023-07-31	2030-04-30	250
1336	800000.00	162	12.03	21623.00	93	2019-12-22	2033-06-22	240
5189	400000.00	153	10.72	8873.00	133	2011-11-22	2024-08-22	241
7879	800000.00	177	13.55	26775.00	152	2015-03-12	2029-12-12	215
6700	500000.00	72	17.63	18397.00	66	2016-05-21	2022-05-21	84
7102	600000.00	120	12.89	16808.00	105	2021-12-19	2031-12-19	295
4722	700000.00	138	15.36	24425.00	93	2023-06-10	2034-12-10	113
2459	600000.00	105	15.98	18708.00	87	2017-12-03	2026-09-03	202
7884	900000.00	87	13.91	25743.00	61	2014-02-10	2021-05-10	81
3514	800000.00	87	15.08	24579.00	46	2012-10-19	2020-01-19	86
6628	500000.00	153	12.55	13503.00	153	2016-08-07	2029-05-07	274
8640	300000.00	150	11.04	7027.00	77	2015-11-07	2028-05-07	298
4951	200000.00	144	13.70	6483.00	75	2011-03-02	2023-03-02	187
2235	800000.00	93	16.45	24979.00	58	2011-03-29	2018-12-29	213
6396	500000.00	165	17.78	25434.00	161	2011-08-03	2025-05-03	172
5578	500000.00	162	11.03	12028.00	148	2010-08-05	2024-02-05	237
1047	900000.00	114	10.86	19967.00	102	2011-03-27	2020-09-27	59
2645	800000.00	171	11.41	21234.00	160	2011-12-25	2026-03-25	240
9436	200000.00	105	10.67	4286.00	74	2017-07-01	2026-04-01	24
3213	300000.00	129	14.53	9031.00	80	2019-11-03	2030-08-03	70
3176	800000.00	18	14.91	51071.00	11	2019-06-20	2020-12-20	263
7197	200000.00	150	15.37	7414.00	93	2013-09-18	2026-03-18	154
2542	300000.00	72	12.58	8483.00	65	2017-05-02	2023-05-02	129
7928	700000.00	138	14.16	21771.00	84	2016-02-14	2027-08-14	167
4149	900000.00	15	9.15	65490.00	8	2014-07-29	2015-10-29	221
7329	1000000.00	132	16.74	41576.00	103	2023-03-12	2034-03-12	131
1003	900000.00	102	12.54	22704.00	87	2010-11-04	2019-05-04	20
3238	500000.00	51	16.41	18004.00	48	2018-03-11	2022-06-11	71
4789	800000.00	168	15.56	36065.00	121	2014-02-21	2028-02-21	236
2357	200000.00	21	9.69	10447.00	18	2021-07-05	2023-04-05	150
1346	900000.00	105	16.35	28786.00	98	2020-10-17	2029-07-17	204
6262	200000.00	102	14.37	5740.00	72	2022-10-14	2031-04-14	265
6710	900000.00	27	15.42	44406.00	16	2019-09-13	2021-12-13	17
9935	600000.00	168	8.57	11292.00	99	2019-11-26	2033-11-26	175
6784	600000.00	105	16.48	19363.00	64	2011-06-22	2020-03-22	110
6552	700000.00	159	15.85	29809.00	141	2012-10-04	2026-01-04	176
9132	700000.00	156	17.46	36353.00	124	2022-04-23	2035-04-23	189
3564	400000.00	96	9.52	8625.00	71	2023-07-27	2031-07-27	280
6266	500000.00	138	10.22	10567.00	105	2018-11-09	2030-05-09	162
9252	800000.00	141	13.51	22869.00	81	2016-05-05	2028-02-05	199
8696	500000.00	72	8.95	11615.00	51	2010-08-03	2016-08-03	10
9462	600000.00	45	17.55	21657.00	25	2019-06-14	2023-03-14	197
7483	700000.00	9	15.31	77778.00	9	2020-09-20	2021-06-20	167
7638	1000000.00	114	16.70	35215.00	111	2016-09-30	2026-03-30	33
9255	500000.00	51	10.06	14385.00	47	2019-10-03	2024-01-03	173
5387	100000.00	93	17.46	3317.00	73	2018-06-12	2026-03-12	182
2895	800000.00	69	17.65	26134.00	46	2018-01-11	2023-10-11	56
7510	300000.00	75	12.24	7997.00	46	2022-02-09	2028-05-09	218
9946	500000.00	21	12.53	26793.00	11	2018-04-13	2020-01-13	80
4640	900000.00	153	15.77	34096.00	109	2013-07-09	2026-04-09	28
3957	200000.00	84	14.34	6083.00	74	2012-04-22	2019-04-22	2
3627	200000.00	177	12.65	5988.00	172	2010-11-13	2025-08-13	160
6065	300000.00	96	14.96	9533.00	63	2013-12-12	2021-12-12	188
2689	500000.00	27	17.68	25646.00	15	2016-01-29	2018-04-29	101
2766	600000.00	117	15.46	18700.00	106	2020-09-10	2030-06-10	235
9400	300000.00	9	12.04	33333.00	7	2015-12-26	2016-09-26	265
8044	300000.00	63	14.47	9359.00	62	2018-04-17	2023-07-17	187
7627	500000.00	6	13.11	83333.00	5	2014-03-27	2014-09-27	92
1185	900000.00	24	13.11	47977.00	21	2022-03-21	2024-03-21	78
1083	600000.00	162	16.94	28324.00	99	2017-08-24	2031-02-24	159
9337	900000.00	162	16.62	40999.00	161	2018-01-21	2031-07-21	70
2372	100000.00	3	16.20	33333.00	2	2018-12-23	2019-03-23	43
1275	700000.00	162	17.01	33303.00	149	2016-04-02	2029-10-02	152
5597	900000.00	84	10.95	22175.00	76	2014-10-08	2021-10-08	286
1978	300000.00	42	8.44	9108.00	30	2014-11-01	2018-05-01	22
1682	800000.00	33	8.97	28787.00	27	2022-11-14	2025-08-14	63
2365	600000.00	69	11.72	15134.00	53	2017-07-08	2023-04-08	295
8147	500000.00	165	8.23	8472.00	95	2013-12-08	2027-09-08	123
4758	400000.00	141	15.39	13699.00	115	2022-11-02	2034-08-02	73
3576	1000000.00	129	16.67	36224.00	74	2018-05-29	2029-02-28	273
2050	100000.00	45	16.27	3493.00	27	2017-12-08	2021-09-08	229
4690	100000.00	159	10.70	2358.00	133	2020-09-10	2033-12-10	210
8906	800000.00	81	15.81	23828.00	61	2019-01-12	2025-10-12	119
7058	500000.00	42	17.29	19209.00	32	2019-06-27	2022-12-27	41
1309	300000.00	90	11.92	7332.00	82	2018-02-17	2025-08-17	260
4058	500000.00	15	12.25	37417.00	11	2017-06-13	2018-09-13	218
6492	700000.00	24	11.68	36378.00	15	2013-11-28	2015-11-28	118
4662	200000.00	33	16.10	8169.00	18	2021-12-22	2024-09-22	162
3949	1000000.00	144	17.93	50249.00	133	2019-05-20	2031-05-20	227
9388	500000.00	15	10.21	36737.00	9	2013-06-23	2014-09-23	68
1845	1000000.00	39	13.24	37234.00	28	2019-09-26	2022-12-26	279
4824	900000.00	129	14.71	27521.00	112	2012-07-16	2023-04-16	183
6647	100000.00	93	17.55	3335.00	75	2017-05-11	2025-02-11	272
9937	200000.00	54	16.03	6713.00	42	2017-01-10	2021-07-10	253
5618	400000.00	60	16.12	14075.00	42	2017-09-28	2022-09-28	153
7130	900000.00	174	15.59	39317.00	99	2016-11-06	2031-05-06	247
6727	100000.00	72	13.88	3029.00	56	2015-01-14	2021-01-14	281
1732	200000.00	48	10.88	6298.00	37	2021-07-20	2025-07-20	214
3063	900000.00	9	17.35	100000.00	6	2019-03-31	2019-12-31	115
7756	400000.00	84	17.46	14690.00	76	2020-09-10	2027-09-10	265
3955	800000.00	39	12.77	29418.00	21	2016-08-08	2019-11-08	88
4534	900000.00	66	13.35	25516.00	61	2016-06-22	2021-12-22	10
8802	400000.00	96	8.71	8127.00	90	2015-12-01	2023-12-01	56
4590	900000.00	78	12.28	23119.00	49	2020-02-28	2026-08-28	163
4978	100000.00	108	15.72	3445.00	71	2015-06-06	2024-06-06	74
1817	400000.00	54	9.10	10495.00	28	2010-02-13	2014-08-13	153
6327	600000.00	111	16.85	21953.00	75	2015-02-18	2024-05-18	254
4645	600000.00	177	17.89	33951.00	109	2018-08-22	2033-05-22	74
4211	400000.00	45	11.33	12265.00	27	2016-04-12	2020-01-12	34
1264	100000.00	114	10.43	2142.00	60	2021-06-30	2030-12-30	223
3521	300000.00	126	9.33	5810.00	65	2019-11-30	2030-05-30	166
7295	300000.00	162	10.00	6393.00	118	2018-11-07	2032-05-07	36
8054	200000.00	165	13.88	6567.00	90	2016-11-23	2030-08-23	277
9719	500000.00	93	15.96	15158.00	84	2013-05-28	2021-02-28	34
1908	1000000.00	90	11.35	23582.00	74	2018-05-21	2025-11-21	229
6111	200000.00	51	17.94	7588.00	32	2018-09-30	2022-12-30	51
2968	300000.00	78	8.21	6175.00	59	2017-06-08	2023-12-08	288
6704	600000.00	162	16.02	25560.00	150	2014-10-18	2028-04-18	142
4361	300000.00	42	13.01	10309.00	33	2014-09-01	2018-03-01	236
7570	200000.00	42	13.36	6937.00	39	2010-02-21	2013-08-21	29
3478	400000.00	18	16.18	25818.00	18	2017-12-14	2019-06-14	112
7481	600000.00	129	11.22	13471.00	79	2013-02-18	2023-11-18	173
5350	700000.00	111	12.50	18203.00	99	2012-05-23	2021-08-23	40
7093	900000.00	147	11.84	23447.00	144	2018-01-23	2030-04-23	27
6857	700000.00	18	9.26	42490.00	14	2021-12-25	2023-06-25	204
6309	800000.00	75	15.08	24776.00	51	2015-08-08	2021-11-08	287
8660	700000.00	156	13.66	23707.00	113	2022-03-05	2035-03-05	258
4160	300000.00	105	12.35	7253.00	53	2014-05-27	2023-02-27	7
8192	500000.00	132	14.45	16717.00	88	2013-11-27	2024-11-27	110
3272	100000.00	156	17.95	5482.00	113	2022-03-31	2035-03-31	165
5021	600000.00	102	17.25	21011.00	55	2010-09-28	2019-03-28	292
7956	600000.00	123	10.16	12838.00	120	2020-07-24	2030-10-24	186
2577	300000.00	3	9.96	100000.00	2	2011-10-12	2012-01-12	277
1926	900000.00	141	12.46	23227.00	76	2019-05-21	2031-02-21	114
3761	800000.00	69	10.53	19127.00	65	2022-01-01	2027-10-01	137
5600	400000.00	108	16.29	14405.00	62	2014-12-05	2023-12-05	239
4895	200000.00	42	12.70	6816.00	40	2011-12-23	2015-06-23	102
7075	900000.00	162	12.41	25421.00	151	2017-08-06	2031-02-06	19
8451	400000.00	24	13.42	21440.00	23	2013-07-21	2015-07-21	24
3144	700000.00	21	8.25	36083.00	19	2015-06-28	2017-03-28	292
2290	600000.00	84	9.00	13057.00	45	2014-07-13	2021-07-13	179
1670	700000.00	141	9.49	13459.00	111	2020-09-09	2032-06-09	260
3826	900000.00	171	9.17	17976.00	111	2020-06-05	2034-09-05	71
9268	600000.00	162	14.34	21145.00	132	2012-08-30	2026-02-28	300
1944	400000.00	99	9.64	8437.00	78	2013-05-05	2021-08-05	138
6597	500000.00	48	8.44	14404.00	48	2017-06-07	2021-06-07	76
4273	900000.00	39	11.65	32118.00	25	2018-02-14	2021-05-14	21
4554	200000.00	156	9.30	4073.00	96	2020-04-17	2033-04-17	294
6627	400000.00	111	9.25	7990.00	62	2023-06-26	2032-09-26	32
1579	300000.00	120	8.47	5637.00	106	2010-04-23	2020-04-23	68
2797	500000.00	144	10.88	11991.00	85	2022-04-25	2034-04-25	186
5268	900000.00	147	8.85	16938.00	96	2021-01-03	2033-04-03	83
4359	600000.00	9	17.71	66667.00	6	2016-10-05	2017-07-05	167
1909	200000.00	135	8.70	3709.00	91	2018-04-06	2029-07-06	81
1065	400000.00	3	16.17	133333.00	3	2014-10-01	2015-01-01	240
7599	700000.00	63	14.60	21962.00	42	2014-04-02	2019-07-02	106
2977	700000.00	111	15.58	23212.00	64	2012-07-25	2021-10-25	37
7613	900000.00	171	12.67	27962.00	141	2017-07-27	2031-10-27	19
8862	500000.00	63	14.74	15784.00	35	2019-04-19	2024-07-19	203
5188	1000000.00	123	10.29	21650.00	69	2018-08-09	2028-11-09	293
1127	400000.00	147	14.06	13193.00	79	2019-08-28	2031-11-28	72
2313	600000.00	114	12.60	15314.00	107	2010-02-17	2019-08-17	171
4274	700000.00	96	11.30	17171.00	81	2012-04-28	2020-04-28	82
1862	200000.00	6	14.63	33333.00	6	2018-06-25	2018-12-25	192
7029	800000.00	93	15.91	24180.00	55	2013-04-20	2021-01-20	73
5686	500000.00	48	10.73	15660.00	47	2019-04-24	2023-04-24	236
6109	600000.00	138	13.76	17954.00	82	2017-06-30	2028-12-30	10
1304	500000.00	84	8.54	10564.00	51	2017-08-24	2024-08-24	169
1560	400000.00	69	8.34	8653.00	69	2019-04-13	2025-01-13	204
4420	800000.00	108	13.76	23636.00	89	2020-04-17	2029-04-17	68
3450	200000.00	123	16.61	7559.00	71	2011-04-30	2021-07-30	49
1253	400000.00	57	16.88	13096.00	51	2019-11-30	2024-08-30	264
3767	400000.00	81	15.12	11494.00	52	2017-09-08	2024-06-08	74
5284	700000.00	60	11.71	20296.00	50	2016-06-15	2021-06-15	153
8264	500000.00	165	15.57	19883.00	92	2015-09-06	2029-06-06	95
7053	900000.00	159	17.17	44408.00	113	2019-09-25	2032-12-25	163
1412	1000000.00	18	16.21	64561.00	15	2020-10-22	2022-04-22	295
8907	700000.00	111	16.51	24948.00	83	2017-01-21	2026-04-21	9
5624	700000.00	72	8.42	15791.00	50	2017-11-30	2023-11-30	264
9383	800000.00	87	11.41	19590.00	80	2014-08-28	2021-11-28	90
6726	1000000.00	27	11.78	46277.00	24	2018-03-27	2020-06-27	184
6043	200000.00	111	12.72	5293.00	93	2021-03-27	2030-06-27	105
2730	900000.00	102	10.68	19870.00	59	2021-07-03	2030-01-03	292
5257	900000.00	18	9.09	54545.00	9	2010-07-15	2012-01-15	222
5236	600000.00	66	12.27	16215.00	41	2020-02-08	2025-08-08	281
7598	800000.00	84	10.94	19698.00	51	2016-06-12	2023-06-12	36
6168	500000.00	141	11.74	12024.00	75	2013-08-20	2025-05-20	109
7062	900000.00	117	10.15	18362.00	91	2020-10-24	2030-07-24	215
4475	500000.00	156	12.67	15113.00	87	2011-11-21	2024-11-21	29
9609	700000.00	9	10.32	77778.00	7	2016-09-28	2017-06-28	13
1079	500000.00	177	15.40	20984.00	94	2010-07-08	2025-04-08	109
9164	100000.00	123	15.65	3480.00	89	2022-05-15	2032-08-15	26
1947	1000000.00	111	13.73	28678.00	90	2012-02-29	2021-05-29	254
2729	400000.00	114	12.43	10072.00	105	2020-07-02	2030-01-02	213
7768	600000.00	33	9.52	21808.00	33	2012-05-26	2015-02-26	30
3893	900000.00	3	16.65	300000.00	3	2014-07-14	2014-10-14	175
6656	300000.00	168	16.59	15313.00	92	2011-06-10	2025-06-10	278
8216	800000.00	153	11.25	18793.00	101	2019-09-13	2032-06-13	244
8974	1000000.00	39	17.00	41067.00	31	2023-06-12	2026-09-12	117
9490	400000.00	108	15.67	13728.00	85	2017-06-24	2026-06-24	105
7166	200000.00	123	9.54	4044.00	80	2010-05-03	2020-08-03	124
6897	900000.00	144	15.69	35928.00	73	2017-09-24	2029-09-24	200
6538	900000.00	69	17.48	29189.00	39	2020-03-06	2025-12-06	7
7498	200000.00	174	12.97	6338.00	129	2020-10-20	2035-04-20	246
5663	200000.00	111	10.91	4576.00	97	2012-07-04	2021-10-04	270
8425	600000.00	72	15.57	19856.00	48	2012-06-15	2018-06-15	72
6916	100000.00	48	16.50	3838.00	45	2018-07-22	2022-07-22	100
6619	700000.00	156	10.40	16239.00	119	2011-06-23	2024-06-23	9
9617	400000.00	129	8.41	6953.00	76	2017-01-18	2027-10-18	29
5797	300000.00	54	13.47	9210.00	42	2017-04-25	2021-10-25	113
3279	800000.00	138	13.77	23962.00	79	2022-05-19	2033-11-19	35
1551	400000.00	18	12.66	25036.00	12	2016-01-15	2017-07-15	104
1535	200000.00	108	11.85	5074.00	86	2017-04-16	2026-04-16	50
2293	500000.00	168	16.42	25006.00	142	2022-12-21	2036-12-21	92
2499	900000.00	9	11.93	100000.00	9	2015-09-16	2016-06-16	94
3606	400000.00	150	10.93	9259.00	139	2019-08-29	2032-02-29	118
7543	800000.00	141	9.45	15319.00	113	2015-07-21	2027-04-21	117
3342	300000.00	114	10.85	6650.00	63	2019-12-13	2029-06-13	167
8709	1000000.00	177	11.28	25227.00	129	2011-08-18	2026-05-18	286
5890	300000.00	60	14.02	9636.00	50	2019-02-04	2024-02-04	249
5848	400000.00	87	10.70	9366.00	70	2018-01-29	2025-04-29	290
2828	400000.00	96	13.90	11803.00	58	2010-01-05	2018-01-05	261
7547	300000.00	75	11.69	7765.00	43	2014-01-23	2020-04-23	98
7953	500000.00	6	8.84	83333.00	5	2018-04-20	2018-10-20	277
8274	900000.00	48	16.13	34102.00	43	2019-09-01	2023-09-01	100
3221	300000.00	111	10.31	6536.00	61	2014-01-28	2023-04-28	96
8485	800000.00	27	8.44	34842.00	22	2010-06-07	2012-09-07	250
7009	1000000.00	66	10.36	24804.00	35	2016-12-02	2022-06-02	17
7052	500000.00	174	17.81	28508.00	162	2015-10-27	2030-04-27	76
9342	200000.00	36	10.61	7518.00	33	2022-03-29	2025-03-29	58
4526	500000.00	171	16.35	24361.00	98	2015-07-09	2029-10-09	173
5842	500000.00	99	16.32	16927.00	71	2016-09-26	2024-12-26	294
2352	400000.00	129	13.07	10591.00	123	2017-09-21	2028-06-21	258
6430	600000.00	114	14.08	17224.00	66	2021-12-13	2031-06-13	47
9177	700000.00	90	11.83	17012.00	45	2016-10-01	2024-04-01	204
5494	500000.00	57	14.22	14930.00	42	2012-06-28	2017-03-28	112
9584	300000.00	21	10.81	15830.00	20	2016-09-06	2018-06-06	205
1558	200000.00	12	8.30	18050.00	9	2014-08-02	2015-08-02	45
7635	700000.00	111	15.24	22605.00	62	2010-05-07	2019-08-07	149
5500	600000.00	117	10.32	12412.00	104	2022-08-26	2032-05-26	108
3236	700000.00	153	11.20	16356.00	134	2010-06-17	2023-03-17	172
5591	700000.00	33	8.22	24843.00	31	2013-07-05	2016-04-05	248
3104	300000.00	39	14.24	11469.00	32	2021-06-13	2024-09-13	98
8089	800000.00	102	16.96	27466.00	94	2015-11-16	2024-05-16	221
7334	400000.00	39	8.81	13213.00	28	2015-06-01	2018-09-01	182
1060	300000.00	36	9.94	11074.00	22	2012-01-30	2015-01-30	174
2842	200000.00	57	12.47	5614.00	47	2014-10-08	2019-07-08	229
4112	300000.00	129	13.66	8368.00	116	2017-01-08	2027-10-08	207
4430	300000.00	30	17.64	13839.00	19	2019-06-09	2021-12-09	48
8664	700000.00	147	11.23	17078.00	110	2022-02-14	2034-05-14	201
6380	600000.00	15	14.76	45904.00	9	2020-10-01	2022-01-01	245
3353	500000.00	135	11.98	12858.00	101	2019-04-08	2030-07-08	139
8478	1000000.00	171	17.80	57948.00	158	2019-11-24	2034-02-24	70
2017	600000.00	141	11.46	14036.00	111	2015-08-04	2027-05-04	295
2582	1000000.00	51	11.83	30666.00	27	2018-06-14	2022-09-14	254
1793	100000.00	165	13.59	3176.00	123	2020-08-20	2034-05-20	92
3583	500000.00	96	11.96	12859.00	92	2011-05-08	2019-05-08	257
9843	200000.00	147	12.04	5323.00	137	2018-07-10	2030-10-10	208
3234	700000.00	123	8.68	13082.00	115	2014-04-15	2024-07-15	158
6183	500000.00	63	8.64	12011.00	36	2016-12-23	2022-03-23	198
8961	300000.00	180	10.70	7657.00	134	2022-09-12	2037-09-12	268
1611	700000.00	117	10.31	14469.00	62	2011-08-10	2021-05-10	259
1072	600000.00	21	15.11	32889.00	13	2022-03-08	2023-12-08	199
8684	300000.00	84	17.03	10738.00	57	2018-11-21	2025-11-21	35
1116	400000.00	54	11.17	11314.00	36	2010-04-30	2014-10-30	127
7158	900000.00	141	9.76	17779.00	98	2017-10-26	2029-07-26	220
1153	200000.00	93	12.07	4775.00	86	2012-05-16	2020-02-16	269
4290	300000.00	15	12.30	22460.00	14	2019-08-28	2020-11-28	224
1198	900000.00	147	14.82	32147.00	98	2013-05-03	2025-08-03	136
9847	200000.00	168	15.36	8800.00	108	2016-09-13	2030-09-13	152
5200	900000.00	24	8.83	44415.00	24	2015-11-28	2017-11-28	50
5368	100000.00	108	15.75	3454.00	72	2012-06-28	2021-06-28	126
5637	300000.00	123	9.53	6061.00	100	2016-01-29	2026-04-29	135
8715	500000.00	159	10.44	11434.00	128	2011-05-24	2024-08-24	95
2696	1000000.00	63	17.54	35611.00	62	2015-08-14	2020-11-14	244
9623	100000.00	51	15.95	3544.00	28	2021-11-01	2026-02-01	48
6575	300000.00	96	14.63	9316.00	48	2010-06-14	2018-06-14	86
3888	900000.00	108	15.75	31082.00	75	2017-08-28	2026-08-28	94
1800	200000.00	171	10.25	4585.00	109	2023-02-10	2037-05-10	255
2120	600000.00	135	13.16	17316.00	83	2013-11-24	2025-02-24	247
6414	800000.00	84	11.51	20418.00	52	2022-09-28	2029-09-28	300
4196	600000.00	75	10.50	14563.00	58	2016-11-03	2023-02-03	209
3173	100000.00	180	8.20	1812.00	101	2016-11-24	2031-11-24	27
7482	700000.00	153	9.45	13521.00	152	2020-08-18	2033-05-18	123
8219	900000.00	108	16.00	31691.00	83	2013-05-09	2022-05-09	264
3807	100000.00	174	8.65	1836.00	171	2017-08-27	2032-02-27	237
6546	800000.00	105	9.45	15690.00	60	2014-01-28	2022-10-28	32
6181	400000.00	114	16.19	13542.00	111	2012-12-03	2022-06-03	16
4989	200000.00	138	17.82	8802.00	133	2018-02-21	2029-08-21	230
9676	900000.00	174	16.87	45871.00	128	2019-05-09	2033-11-09	52
4151	300000.00	84	9.83	6885.00	52	2010-11-26	2017-11-26	53
3089	700000.00	144	15.72	28031.00	119	2012-01-19	2024-01-19	250
8279	700000.00	33	16.32	28701.00	33	2015-02-06	2017-11-06	14
7930	500000.00	153	16.52	20468.00	132	2022-09-28	2035-06-28	41
6558	100000.00	153	16.38	4035.00	94	2016-02-20	2028-11-20	290
1107	1000000.00	18	11.61	62006.00	9	2012-11-23	2014-05-23	198
6175	1000000.00	141	16.89	39476.00	104	2017-12-28	2029-09-28	122
3789	1000000.00	132	15.43	36722.00	120	2021-09-06	2032-09-06	45
2992	700000.00	87	11.80	17566.00	57	2022-08-12	2029-11-12	41
7532	800000.00	60	13.20	24784.00	36	2016-09-10	2021-09-10	119
9410	100000.00	168	10.33	2357.00	154	2010-12-26	2024-12-26	114
1631	900000.00	66	9.17	21145.00	61	2023-05-28	2028-11-28	102
6543	800000.00	171	16.38	39119.00	125	2012-07-18	2026-10-18	216
5623	100000.00	99	15.47	3192.00	65	2013-11-18	2022-02-18	184
5695	300000.00	174	13.14	9710.00	163	2022-10-25	2037-04-25	290
1184	500000.00	81	11.37	11779.00	63	2016-04-08	2023-01-08	289
2743	700000.00	72	12.25	19448.00	42	2010-08-13	2016-08-13	144
8695	100000.00	168	8.10	1771.00	118	2013-08-23	2027-08-23	159
2520	1000000.00	99	16.19	33552.00	50	2013-10-25	2022-01-25	8
5692	800000.00	177	9.66	16436.00	106	2021-11-16	2036-08-16	236
3109	200000.00	165	13.77	6485.00	115	2010-12-25	2024-09-25	270
6703	900000.00	171	16.74	45954.00	134	2014-07-12	2028-10-12	224
4585	200000.00	42	10.15	6364.00	25	2017-08-05	2021-02-05	23
6045	600000.00	21	17.86	33674.00	21	2021-12-31	2023-09-30	8
6063	900000.00	132	10.95	21383.00	132	2021-05-14	2032-05-14	198
3163	100000.00	153	12.07	2566.00	124	2023-04-13	2036-01-13	241
4231	700000.00	3	16.24	233333.00	2	2012-08-03	2012-11-03	61
3212	900000.00	48	12.26	29778.00	35	2022-09-01	2026-09-01	47
4774	500000.00	162	9.25	9748.00	123	2011-09-01	2025-03-01	53
9338	500000.00	123	9.76	10316.00	86	2022-10-15	2033-01-15	36
1511	200000.00	150	11.22	4777.00	110	2023-05-18	2035-11-18	122
9976	800000.00	60	17.54	29913.00	60	2023-04-08	2028-04-08	83
7008	300000.00	165	11.54	7520.00	97	2019-05-29	2033-02-28	81
9076	800000.00	159	13.57	26310.00	132	2017-01-31	2030-04-30	137
4504	900000.00	54	12.09	26310.00	46	2020-07-18	2025-01-18	152
2880	500000.00	60	12.68	15137.00	41	2013-11-19	2018-11-19	188
8874	1000000.00	6	16.47	166667.00	5	2023-07-13	2024-01-13	238
5768	100000.00	48	9.10	2952.00	34	2012-12-05	2016-12-05	36
7603	200000.00	120	15.72	7177.00	78	2021-02-28	2031-02-28	230
9367	900000.00	57	17.80	30405.00	54	2018-03-29	2022-12-29	162
8750	300000.00	18	9.18	18197.00	18	2022-01-06	2023-07-06	161
6611	1000000.00	36	9.92	36892.00	29	2015-05-10	2018-05-10	94
7477	200000.00	48	12.11	6582.00	28	2023-02-22	2027-02-22	269
7022	700000.00	171	14.30	26592.00	93	2012-04-25	2026-07-25	99
3015	400000.00	66	14.11	11726.00	39	2022-10-22	2028-04-22	120
9688	500000.00	60	8.50	12530.00	50	2016-09-04	2021-09-04	77
2066	700000.00	111	17.74	27422.00	66	2013-05-03	2022-08-03	75
4297	200000.00	48	10.12	6127.00	47	2018-05-20	2022-05-20	271
9836	600000.00	90	9.44	12535.00	58	2012-09-09	2020-03-09	246
8225	700000.00	129	9.83	13859.00	115	2010-10-11	2021-07-11	234
3695	700000.00	84	10.06	16301.00	60	2013-05-31	2020-05-31	205
8588	500000.00	81	17.96	16630.00	71	2017-07-20	2024-04-20	12
7524	600000.00	30	17.30	27519.00	26	2021-04-24	2023-10-24	59
1485	500000.00	105	10.83	10840.00	94	2016-10-30	2025-07-30	284
6638	900000.00	150	13.97	28816.00	139	2022-08-29	2035-02-28	275
3319	300000.00	180	11.64	8693.00	143	2019-07-12	2034-07-12	22
5872	600000.00	165	10.50	13316.00	161	2013-09-17	2027-06-17	35
9370	100000.00	9	9.16	11111.00	7	2022-10-11	2023-07-11	251
4615	900000.00	15	12.03	67218.00	11	2018-09-22	2019-12-22	166
2683	200000.00	51	9.77	5694.00	32	2013-05-13	2017-08-13	73
1884	500000.00	27	17.73	25667.00	27	2021-01-15	2023-04-15	45
1130	100000.00	75	16.50	3333.00	45	2010-03-11	2016-06-11	154
8331	1000000.00	171	17.88	58501.00	91	2012-12-24	2027-03-24	30
4521	200000.00	180	8.83	3954.00	100	2017-03-02	2032-03-02	5
3591	700000.00	78	8.35	14520.00	58	2015-08-03	2022-02-03	115
7005	500000.00	54	16.21	16887.00	41	2018-07-09	2023-01-09	110
7007	800000.00	33	15.58	32385.00	31	2013-12-09	2016-09-09	121
2261	500000.00	162	14.51	17965.00	128	2010-06-13	2023-12-13	275
4899	600000.00	12	10.72	55360.00	9	2010-08-08	2011-08-08	178
2257	900000.00	87	11.63	22345.00	75	2018-11-29	2026-02-28	215
1924	600000.00	84	15.11	19128.00	84	2013-01-05	2020-01-05	39
8954	800000.00	117	15.91	25822.00	100	2012-06-10	2022-03-10	41
3171	400000.00	27	11.50	18418.00	22	2022-07-02	2024-10-02	133
8097	600000.00	78	15.44	18205.00	46	2016-10-31	2023-04-30	107
4795	500000.00	129	14.06	14445.00	120	2023-08-14	2034-05-14	85
8353	900000.00	78	13.94	25247.00	75	2019-01-02	2025-07-02	32
9357	100000.00	54	12.09	2923.00	27	2019-05-27	2023-11-27	28
6885	600000.00	105	11.60	13749.00	99	2020-07-23	2029-04-23	238
4476	300000.00	138	14.61	9743.00	122	2021-09-02	2033-03-02	252
8668	500000.00	45	8.01	14001.00	34	2016-09-19	2020-06-19	288
7408	800000.00	45	14.86	26939.00	40	2015-12-24	2019-09-24	53
4707	300000.00	138	12.96	8306.00	116	2017-08-07	2029-02-07	214
9526	400000.00	84	11.59	10260.00	43	2016-12-05	2023-12-05	126
9555	1000000.00	18	9.75	60972.00	15	2012-01-31	2013-07-31	240
4872	600000.00	174	9.64	12507.00	107	2016-03-02	2030-09-02	269
9518	400000.00	105	15.42	11998.00	81	2021-01-25	2029-10-25	251
5074	200000.00	24	8.15	9747.00	18	2021-10-27	2023-10-27	117
4987	700000.00	21	11.40	37133.00	18	2010-08-03	2012-05-03	59
9450	900000.00	162	9.20	17443.00	156	2013-03-18	2026-09-18	116
9071	800000.00	114	13.39	21745.00	81	2021-04-13	2030-10-13	203
4085	1000000.00	120	8.09	18142.00	109	2020-10-18	2030-10-18	46
5088	200000.00	177	12.60	5951.00	106	2013-07-11	2028-04-11	102
5118	200000.00	168	11.86	5717.00	108	2018-02-17	2032-02-17	27
1785	900000.00	165	15.00	33561.00	85	2021-01-10	2034-10-10	221
9833	600000.00	84	11.40	15208.00	61	2023-05-25	2030-05-25	93
9446	400000.00	141	17.55	16799.00	131	2017-07-04	2029-04-04	232
4014	700000.00	132	8.06	12441.00	127	2022-09-20	2033-09-20	144
8459	900000.00	33	12.78	34689.00	23	2016-06-18	2019-03-18	93
8404	400000.00	162	17.36	19784.00	103	2011-02-12	2024-08-12	68
4321	300000.00	132	16.32	11988.00	112	2015-08-08	2026-08-08	247
7099	800000.00	153	15.74	30213.00	79	2018-02-12	2030-11-12	67
1824	700000.00	174	17.62	39020.00	151	2012-02-21	2026-08-21	161
8193	900000.00	33	11.21	33730.00	23	2013-11-19	2016-08-19	104
8769	200000.00	117	17.53	7314.00	70	2022-12-07	2032-09-07	257
8771	700000.00	126	8.19	12207.00	77	2016-10-29	2027-04-29	263
5594	300000.00	45	16.11	10436.00	31	2019-04-07	2023-01-07	101
8630	500000.00	36	16.37	21887.00	30	2023-02-04	2026-02-04	204
8093	800000.00	162	12.28	22259.00	144	2012-11-30	2026-05-30	181
6525	800000.00	57	12.03	22108.00	49	2021-12-15	2026-09-15	295
4370	900000.00	45	11.06	27397.00	40	2018-07-14	2022-04-14	135
8915	300000.00	132	17.56	13471.00	117	2013-07-27	2024-07-27	228
1955	800000.00	144	10.60	18612.00	118	2016-03-22	2028-03-22	176
5997	400000.00	114	11.63	9445.00	94	2023-04-14	2032-10-14	241
2489	900000.00	6	12.60	150000.00	6	2014-12-22	2015-06-22	243
9147	600000.00	6	14.68	100000.00	4	2020-11-22	2021-05-22	101
2839	400000.00	180	9.64	8837.00	149	2020-12-17	2035-12-17	248
7798	900000.00	138	17.92	39978.00	86	2021-11-08	2033-05-08	1
5977	800000.00	144	14.14	27163.00	93	2018-05-25	2030-05-25	22
7574	300000.00	159	17.95	16136.00	147	2010-10-26	2024-01-26	153
8122	600000.00	105	9.75	12028.00	83	2020-10-28	2029-07-28	147
8581	900000.00	54	13.06	27232.00	49	2019-09-04	2024-03-04	117
5371	900000.00	75	12.45	24263.00	61	2022-11-18	2029-02-18	56
8850	600000.00	36	16.19	26143.00	18	2010-10-08	2013-10-08	55
9856	500000.00	147	9.02	9588.00	113	2019-09-03	2031-12-03	229
6102	500000.00	66	16.25	16084.00	64	2017-10-03	2023-04-03	140
9954	900000.00	150	8.42	15829.00	144	2016-02-17	2028-08-17	174
6693	500000.00	54	11.56	14342.00	53	2013-05-15	2017-11-15	8
7840	400000.00	63	14.75	12632.00	44	2020-01-28	2025-04-28	166
6195	300000.00	99	9.32	6181.00	87	2018-06-07	2026-09-07	177
3430	900000.00	90	10.95	20696.00	83	2010-04-06	2017-10-06	296
2978	200000.00	147	16.84	8807.00	78	2014-11-12	2027-02-12	187
8752	200000.00	78	9.62	4449.00	71	2013-09-09	2020-03-09	174
4873	600000.00	147	11.32	14781.00	105	2014-05-20	2026-08-20	228
6330	800000.00	174	13.01	25479.00	134	2013-07-21	2028-01-21	88
5904	300000.00	3	14.20	100000.00	2	2020-08-12	2020-11-12	83
6625	600000.00	90	9.23	12368.00	67	2021-07-12	2029-01-12	164
4567	600000.00	141	14.89	19590.00	98	2022-03-04	2033-12-04	84
6268	900000.00	180	16.35	48469.00	91	2011-06-06	2026-06-06	200
1565	200000.00	63	8.12	4691.00	49	2023-02-23	2028-05-23	127
9748	300000.00	120	15.09	10193.00	74	2016-12-14	2026-12-14	186
9829	400000.00	87	8.76	8276.00	69	2013-08-17	2020-11-17	249
3632	900000.00	165	14.63	32184.00	138	2017-02-12	2030-11-12	239
2710	1000000.00	84	9.13	21945.00	71	2011-09-23	2018-09-23	281
6801	400000.00	33	17.89	16846.00	19	2013-06-25	2016-03-25	29
6066	200000.00	75	9.12	4502.00	38	2018-08-11	2024-11-11	238
1957	500000.00	123	12.17	12818.00	78	2020-12-07	2031-03-07	44
1635	400000.00	180	14.49	16916.00	104	2021-02-16	2036-02-16	161
8848	600000.00	141	12.20	15096.00	135	2020-03-14	2031-12-14	107
4729	200000.00	39	11.52	7113.00	23	2022-10-27	2026-01-27	60
9735	600000.00	108	8.39	11472.00	95	2015-08-20	2024-08-20	53
4130	400000.00	180	8.93	8017.00	144	2022-01-19	2037-01-19	182
8295	800000.00	81	13.11	20683.00	54	2018-10-18	2025-07-18	240
8768	300000.00	138	11.02	6865.00	130	2013-08-04	2025-02-04	15
8895	800000.00	144	13.70	25933.00	85	2023-08-30	2035-08-30	177
3515	100000.00	105	17.06	3358.00	92	2021-06-13	2030-03-13	69
5592	800000.00	99	13.19	21773.00	87	2010-04-04	2018-07-04	14
4446	700000.00	66	13.21	19723.00	49	2013-10-31	2019-04-30	141
1261	700000.00	75	17.56	24637.00	56	2011-06-01	2017-09-01	104
6113	700000.00	51	11.26	21032.00	31	2016-09-01	2020-12-01	18
8932	600000.00	30	17.81	27758.00	19	2022-10-10	2025-04-10	198
2589	900000.00	180	13.27	32411.00	165	2010-07-01	2025-07-01	170
3914	800000.00	159	9.07	15555.00	123	2012-12-08	2026-03-08	291
1325	300000.00	6	12.48	50000.00	6	2015-05-07	2015-11-07	265
7211	400000.00	135	14.79	13510.00	103	2012-08-09	2023-11-09	160
4022	100000.00	87	13.20	2738.00	54	2011-05-18	2018-08-18	119
9666	400000.00	141	15.45	13778.00	121	2017-10-12	2029-07-12	236
4820	800000.00	33	12.22	30529.00	20	2018-10-02	2021-07-02	22
6202	400000.00	111	13.30	11087.00	104	2020-06-21	2029-09-21	15
9627	200000.00	72	12.19	5539.00	42	2014-07-01	2020-07-01	220
3540	100000.00	69	17.21	3206.00	43	2016-04-29	2022-01-29	53
3373	500000.00	120	8.42	9352.00	86	2022-09-16	2032-09-16	74
3588	600000.00	57	8.27	14465.00	34	2016-02-06	2020-11-06	51
9493	500000.00	51	8.37	13522.00	32	2018-01-29	2022-04-29	81
6644	500000.00	30	8.68	19686.00	16	2019-10-20	2022-04-20	59
4621	100000.00	99	14.51	2986.00	67	2012-05-16	2020-08-16	235
2809	600000.00	12	12.52	56260.00	12	2014-06-07	2015-06-07	34
2946	500000.00	111	13.19	13738.00	76	2020-12-24	2030-03-24	45
3026	300000.00	84	15.48	9781.00	69	2022-07-14	2029-07-14	182
7507	800000.00	63	13.01	23406.00	39	2018-02-13	2023-05-13	132
7825	300000.00	114	9.00	5716.00	100	2016-01-06	2025-07-06	272
3261	100000.00	27	14.37	4845.00	23	2022-07-17	2024-10-17	155
1718	500000.00	147	13.17	15012.00	138	2021-07-01	2033-10-01	277
8870	700000.00	3	10.20	233333.00	3	2021-12-23	2022-03-23	14
8571	900000.00	84	16.23	30704.00	43	2022-12-02	2029-12-02	137
8688	100000.00	54	9.44	2657.00	50	2016-06-15	2020-12-15	271
8413	800000.00	129	9.33	15132.00	120	2010-01-21	2020-10-21	96
8257	400000.00	174	8.52	7222.00	109	2014-09-23	2029-03-23	188
7037	600000.00	105	16.91	19942.00	67	2012-08-09	2021-05-09	70
4441	600000.00	15	17.28	46912.00	11	2011-03-21	2012-06-21	6
5212	500000.00	54	14.90	16138.00	41	2016-02-06	2020-08-06	272
8349	200000.00	84	11.76	5185.00	73	2018-03-14	2025-03-14	183
7150	500000.00	126	13.54	14128.00	123	2017-11-11	2028-05-11	252
1562	300000.00	144	15.00	11146.00	94	2016-04-08	2028-04-08	179
6341	900000.00	162	17.42	44810.00	132	2021-09-26	2035-03-26	243
2262	200000.00	129	12.24	4919.00	67	2022-08-19	2033-05-19	123
7264	300000.00	69	16.58	9363.00	66	2013-02-22	2018-11-22	231
5078	600000.00	69	12.83	15901.00	50	2015-03-07	2020-12-07	298
6079	600000.00	132	15.99	23238.00	80	2020-12-05	2031-12-05	86
5808	700000.00	150	10.18	14936.00	98	2017-11-10	2030-05-10	299
3464	500000.00	168	11.05	12910.00	120	2012-06-13	2026-06-13	233
9810	600000.00	168	10.05	13649.00	87	2017-08-07	2031-08-07	69
9552	100000.00	72	14.54	3136.00	38	2020-09-26	2026-09-26	116
4618	500000.00	66	8.42	11349.00	43	2021-06-14	2026-12-14	116
7425	900000.00	81	14.68	25275.00	81	2021-04-26	2028-01-26	223
4828	800000.00	141	10.60	17186.00	140	2013-06-02	2025-03-02	166
5552	600000.00	180	15.61	29364.00	97	2011-07-20	2026-07-20	229
2991	700000.00	78	14.61	20339.00	42	2015-10-26	2022-04-26	296
1685	200000.00	108	14.18	6108.00	54	2014-02-03	2023-02-03	199
7933	900000.00	75	12.87	24811.00	52	2014-06-17	2020-09-17	73
7068	900000.00	180	14.89	40105.00	140	2018-07-31	2033-07-31	44
5020	500000.00	165	11.64	12681.00	90	2015-03-01	2028-12-01	72
8598	600000.00	138	12.62	16071.00	73	2022-01-28	2033-07-28	180
9009	200000.00	171	12.18	5846.00	116	2019-12-21	2034-03-21	181
4318	600000.00	126	15.76	20576.00	85	2020-08-02	2031-02-02	83
9660	600000.00	105	13.95	16243.00	74	2019-03-14	2027-12-14	133
1243	600000.00	45	15.53	20560.00	43	2012-06-24	2016-03-24	273
7753	800000.00	156	8.05	14031.00	146	2018-01-02	2031-01-02	218
9250	900000.00	90	11.22	21051.00	62	2015-12-05	2023-06-05	222
9600	700000.00	69	10.56	16759.00	56	2013-04-26	2019-01-26	134
3535	800000.00	108	16.94	30292.00	69	2018-09-17	2027-09-17	136
7737	600000.00	60	13.25	18629.00	53	2012-04-22	2017-04-22	8
9024	100000.00	99	17.02	3552.00	65	2016-02-23	2024-05-23	68
7732	200000.00	81	16.18	6072.00	65	2017-09-29	2024-06-29	255
8156	300000.00	27	11.48	13809.00	14	2018-08-19	2020-11-19	251
5147	600000.00	102	16.37	19782.00	82	2018-03-27	2026-09-27	21
2866	800000.00	102	16.72	27018.00	66	2018-11-16	2027-05-16	142
2122	400000.00	129	14.62	12136.00	102	2021-08-31	2032-05-31	202
4520	900000.00	93	16.96	28975.00	48	2021-01-20	2028-10-20	274
2233	300000.00	114	8.27	5380.00	104	2014-04-04	2023-10-04	292
1582	700000.00	54	15.89	23382.00	36	2017-10-14	2022-04-14	87
9517	500000.00	123	16.16	18182.00	96	2015-07-01	2025-10-01	21
5158	200000.00	81	10.59	4517.00	50	2017-04-12	2024-01-12	117
1067	700000.00	36	15.48	29944.00	31	2022-04-23	2025-04-23	25
1005	200000.00	171	10.36	4649.00	169	2015-12-05	2030-03-05	155
1492	500000.00	114	8.78	9354.00	77	2010-09-17	2020-03-17	170
3976	300000.00	168	8.66	5712.00	111	2023-08-17	2037-08-17	195
3398	600000.00	63	12.07	16837.00	43	2018-05-15	2023-08-15	164
1637	200000.00	129	16.44	7103.00	106	2021-11-25	2032-08-25	51
3423	800000.00	57	11.17	21437.00	57	2015-12-04	2020-09-04	122
8561	700000.00	45	11.68	21668.00	37	2011-01-31	2014-10-31	59
1672	500000.00	165	10.98	11740.00	114	2020-01-30	2033-10-30	76
3672	800000.00	144	13.79	26180.00	87	2014-02-13	2026-02-13	210
1765	600000.00	27	9.43	26611.00	14	2011-04-03	2013-07-03	227
3252	600000.00	81	13.13	15529.00	67	2020-11-09	2027-08-09	131
3050	500000.00	78	8.86	10668.00	75	2017-10-03	2024-04-03	3
4664	800000.00	150	8.56	14290.00	99	2023-03-26	2035-09-26	185
8135	800000.00	36	15.69	34409.00	24	2016-12-03	2019-12-03	85
2790	300000.00	24	11.47	15532.00	20	2012-05-23	2014-05-23	73
3804	700000.00	63	10.27	18115.00	63	2010-04-18	2015-07-18	204
4955	700000.00	156	9.99	15473.00	80	2021-03-09	2034-03-09	152
6741	500000.00	153	15.52	18457.00	92	2015-04-22	2028-01-22	151
1299	900000.00	15	11.64	66984.00	8	2017-04-28	2018-07-28	125
5753	100000.00	15	17.36	7824.00	8	2018-02-01	2019-05-01	199
4859	800000.00	33	15.40	32284.00	23	2015-07-22	2018-04-22	97
5432	300000.00	180	14.37	12489.00	108	2015-05-20	2030-05-20	299
1512	600000.00	96	10.49	13882.00	54	2023-06-01	2031-06-01	15
7273	400000.00	45	13.63	13041.00	24	2019-09-07	2023-06-07	115
4881	1000000.00	42	9.63	31372.00	35	2018-03-03	2021-09-03	297
1954	100000.00	45	13.91	3285.00	40	2021-01-06	2024-10-06	152
8879	900000.00	132	14.37	29861.00	81	2023-03-20	2034-03-20	25
2080	400000.00	6	12.00	66667.00	4	2023-02-19	2023-08-19	205
1042	200000.00	42	12.65	6807.00	24	2019-02-06	2022-08-06	251
1429	800000.00	15	15.75	61733.00	8	2018-08-11	2019-11-11	90
4301	500000.00	48	15.39	18467.00	45	2010-02-12	2014-02-12	16
1321	200000.00	51	13.86	6591.00	46	2013-08-06	2017-11-06	266
8602	200000.00	6	15.38	33333.00	4	2016-11-18	2017-05-18	51
6837	400000.00	45	13.12	12867.00	30	2015-05-11	2019-02-11	224
1969	400000.00	21	12.23	21377.00	12	2021-05-17	2023-02-17	154
5339	600000.00	135	17.25	25589.00	84	2021-06-07	2032-09-07	296
4870	800000.00	90	16.66	26140.00	72	2015-09-24	2023-03-24	49
8199	200000.00	84	12.40	5397.00	62	2014-12-12	2021-12-12	125
8195	400000.00	39	17.41	16600.00	32	2011-04-23	2014-07-23	35
2481	800000.00	123	17.06	31425.00	70	2022-10-22	2033-01-22	47
9417	600000.00	168	13.44	20872.00	108	2022-07-24	2036-07-24	261
9223	800000.00	6	11.66	133333.00	4	2015-07-19	2016-01-19	299
6968	500000.00	114	9.00	9526.00	114	2012-05-17	2021-11-17	228
3794	500000.00	120	15.91	18239.00	67	2016-04-17	2026-04-17	130
1038	800000.00	168	8.95	15811.00	104	2015-11-18	2029-11-18	215
5851	300000.00	3	14.80	100000.00	2	2017-04-29	2017-07-29	256
9657	300000.00	51	13.12	9632.00	41	2014-03-24	2018-06-24	255
1540	500000.00	39	17.29	20687.00	24	2014-06-13	2017-09-13	264
9358	200000.00	93	11.24	4533.00	88	2013-03-11	2020-12-11	297
6560	300000.00	63	8.39	7124.00	46	2016-12-14	2022-03-14	189
2320	700000.00	153	16.72	29252.00	92	2022-02-19	2034-11-19	263
4294	800000.00	120	10.71	18441.00	74	2014-07-29	2024-07-29	23
9641	600000.00	69	17.00	19065.00	53	2011-02-07	2016-11-07	83
4610	200000.00	81	17.29	6429.00	41	2020-12-30	2027-09-30	201
4260	300000.00	27	11.63	13846.00	21	2014-05-11	2016-08-11	23
5987	200000.00	84	17.30	7275.00	67	2016-05-27	2023-05-27	151
4118	700000.00	30	9.57	28013.00	17	2021-11-06	2024-05-06	26
6150	100000.00	81	15.72	2965.00	48	2022-11-11	2029-08-11	36
3545	300000.00	54	9.28	7923.00	50	2022-01-02	2026-07-02	45
9502	900000.00	57	12.79	25553.00	29	2016-04-27	2021-01-27	283
4284	400000.00	6	11.59	66667.00	5	2013-01-21	2013-07-21	105
4262	200000.00	159	14.77	7541.00	153	2011-05-24	2024-08-24	132
9018	400000.00	171	13.06	13043.00	126	2015-06-19	2029-09-19	4
8846	200000.00	156	15.14	8014.00	129	2016-08-13	2029-08-13	142
2212	100000.00	30	8.99	3960.00	18	2015-07-26	2018-01-26	215
3886	600000.00	51	14.36	20122.00	41	2014-11-14	2019-02-14	81
3533	800000.00	84	14.34	24333.00	57	2015-11-09	2022-11-09	159
6675	900000.00	138	12.38	23547.00	79	2011-02-04	2022-08-04	170
5252	300000.00	72	9.29	7100.00	57	2010-06-27	2016-06-27	109
4720	600000.00	6	12.92	100000.00	4	2021-08-16	2022-02-16	149
9180	100000.00	111	9.46	2032.00	104	2018-08-23	2027-11-23	140
1662	600000.00	51	12.65	18945.00	41	2019-09-03	2023-12-03	279
9422	200000.00	57	12.75	5670.00	36	2023-02-18	2027-11-18	153
7542	500000.00	90	13.44	13430.00	80	2012-10-16	2020-04-16	105
8963	800000.00	135	15.09	27808.00	128	2016-09-26	2027-12-26	293
1131	200000.00	84	11.58	5127.00	59	2012-11-02	2019-11-02	108
4391	400000.00	123	11.02	9251.00	89	2011-12-25	2022-03-25	114
9918	800000.00	96	13.27	22581.00	62	2010-06-21	2018-06-21	99
2173	300000.00	66	12.00	8011.00	60	2017-12-01	2023-06-01	202
5389	600000.00	159	16.78	28349.00	141	2020-08-24	2033-11-24	246
9546	200000.00	84	8.11	4110.00	81	2021-07-31	2028-07-31	238
2571	700000.00	132	13.03	20401.00	95	2013-03-12	2024-03-12	86
7835	600000.00	9	14.49	66667.00	7	2022-10-25	2023-07-25	104
6830	100000.00	6	16.91	16667.00	4	2018-12-31	2019-06-30	255
4588	500000.00	57	10.42	13040.00	39	2020-10-17	2025-07-17	123
6293	600000.00	48	16.26	22837.00	30	2017-12-25	2021-12-25	19
2958	900000.00	180	15.15	41489.00	102	2016-05-27	2031-05-27	187
5294	200000.00	135	10.10	4269.00	85	2012-04-17	2023-07-17	121
9971	100000.00	138	13.23	2842.00	107	2022-11-12	2034-05-12	8
5386	300000.00	126	13.14	8183.00	85	2014-04-17	2024-10-17	62
3518	300000.00	150	9.88	6195.00	129	2012-02-09	2024-08-09	284
5146	500000.00	45	12.93	16002.00	29	2021-02-28	2024-11-28	236
3934	300000.00	81	10.89	6886.00	69	2017-08-26	2024-05-26	24
5336	1000000.00	90	10.26	22013.00	86	2018-03-26	2025-09-26	280
1324	200000.00	42	11.90	6672.00	35	2016-01-08	2019-07-08	10
1721	900000.00	33	9.52	32713.00	20	2019-06-05	2022-03-05	30
2654	100000.00	93	11.53	2308.00	76	2010-11-05	2018-08-05	239
6757	400000.00	81	9.38	8457.00	67	2017-03-22	2023-12-22	60
3816	900000.00	174	17.46	49221.00	172	2010-11-16	2025-05-16	55
4443	700000.00	162	13.04	21262.00	87	2021-05-18	2034-11-18	125
2240	400000.00	117	9.57	7782.00	72	2021-08-19	2031-05-19	71
6809	200000.00	165	8.67	3572.00	103	2010-11-27	2024-08-27	11
4696	900000.00	51	14.74	30587.00	32	2018-01-22	2022-04-22	282
5543	400000.00	174	17.94	23161.00	92	2010-05-20	2024-11-20	8
7650	1000000.00	69	8.16	21453.00	47	2010-05-08	2016-02-08	288
1472	200000.00	66	9.29	4725.00	48	2020-06-19	2025-12-19	160
6593	600000.00	39	10.80	20927.00	37	2022-09-03	2025-12-03	231
6314	800000.00	39	14.20	30551.00	30	2014-09-09	2017-12-09	206
7373	700000.00	129	16.20	24354.00	69	2015-03-11	2025-12-11	281
9673	200000.00	120	10.61	4569.00	88	2014-10-15	2024-10-15	176
2726	600000.00	3	17.37	200000.00	2	2012-07-10	2012-10-10	124
6331	400000.00	63	16.72	13755.00	47	2021-11-29	2027-02-28	60
9312	200000.00	42	17.92	7808.00	24	2011-12-22	2015-06-22	125
3280	700000.00	114	15.87	23117.00	64	2012-01-19	2021-07-19	84
2388	1000000.00	69	8.11	21403.00	63	2021-05-10	2027-02-10	159
4888	600000.00	24	17.75	34663.00	19	2023-08-22	2025-08-22	130
3217	800000.00	12	12.45	74967.00	8	2023-05-02	2024-05-02	107
8214	300000.00	99	17.41	10943.00	58	2012-03-12	2020-06-12	63
2579	900000.00	45	14.65	30141.00	44	2018-11-06	2022-08-06	21
2905	200000.00	141	10.86	4409.00	108	2010-06-15	2022-03-15	221
3488	900000.00	90	11.13	20932.00	76	2017-01-08	2024-07-08	295
8417	500000.00	174	9.43	10147.00	163	2010-06-02	2024-12-02	141
6502	300000.00	126	16.50	10965.00	110	2023-08-26	2034-02-26	212
8229	700000.00	84	12.40	18888.00	82	2019-08-20	2026-08-20	156
6815	300000.00	171	13.61	10470.00	98	2022-02-21	2036-05-21	142
6044	800000.00	108	11.65	19971.00	78	2021-12-21	2030-12-21	73
9794	300000.00	87	9.21	6389.00	54	2010-04-26	2017-07-26	5
7183	300000.00	147	8.94	5702.00	88	2015-07-21	2027-10-21	191
6720	900000.00	168	17.17	49245.00	139	2017-07-27	2031-07-27	100
4548	800000.00	147	15.37	30261.00	84	2015-12-28	2028-03-28	255
8230	400000.00	108	12.23	10462.00	81	2014-01-31	2023-01-31	61
4725	400000.00	45	10.64	12039.00	39	2022-08-28	2026-05-28	136
5693	200000.00	36	8.05	7008.00	30	2020-10-29	2023-10-29	269
8808	300000.00	81	12.34	7445.00	47	2017-09-14	2024-06-14	197
9512	600000.00	162	16.68	27516.00	113	2014-05-16	2027-11-16	56
2347	800000.00	108	9.65	16972.00	92	2019-07-14	2028-07-14	197
4814	700000.00	141	16.52	26686.00	122	2021-01-19	2032-10-19	89
8288	700000.00	150	14.84	24554.00	126	2020-02-17	2032-08-17	128
4635	200000.00	87	17.07	6928.00	80	2018-04-01	2025-07-01	152
5132	600000.00	102	9.05	11764.00	82	2019-05-17	2027-11-17	106
8176	600000.00	135	11.90	15309.00	77	2020-05-01	2031-08-01	255
4360	700000.00	120	10.52	15861.00	111	2018-08-21	2028-08-21	141
1994	800000.00	9	11.73	88889.00	7	2018-09-10	2019-06-10	152
5480	300000.00	12	16.02	29005.00	6	2023-03-27	2024-03-27	148
1569	1000000.00	174	12.05	28263.00	92	2020-10-02	2035-04-02	23
7934	900000.00	90	17.81	31497.00	73	2022-03-19	2029-09-19	156
7422	500000.00	123	17.30	20047.00	94	2010-07-02	2020-10-02	298
7170	400000.00	42	13.05	13760.00	39	2018-10-30	2022-04-30	123
6346	800000.00	6	16.40	133333.00	6	2012-08-08	2013-02-08	54
4702	700000.00	168	11.23	18488.00	154	2017-02-11	2031-02-11	204
6739	500000.00	144	12.60	14423.00	112	2022-10-17	2034-10-17	84
9374	700000.00	90	10.09	15244.00	68	2023-01-11	2030-07-11	295
1183	100000.00	168	12.43	3069.00	112	2013-07-04	2027-07-04	264
8559	800000.00	27	14.44	38804.00	22	2020-05-04	2022-08-04	45
1882	300000.00	60	14.33	9767.00	57	2016-08-04	2021-08-04	72
7327	200000.00	144	17.28	9405.00	94	2012-02-15	2024-02-15	173
7520	800000.00	120	17.22	32653.00	68	2014-04-13	2024-04-13	120
4634	800000.00	105	15.99	24961.00	68	2012-03-12	2020-12-12	226
4189	100000.00	102	13.04	2614.00	85	2021-07-02	2030-01-02	136
3749	500000.00	30	13.13	21331.00	18	2010-02-15	2012-08-15	37
8226	400000.00	3	9.79	133333.00	3	2013-09-21	2013-12-21	149
1867	500000.00	105	12.37	12106.00	82	2017-11-05	2026-08-05	297
8180	500000.00	18	17.80	32722.00	14	2017-03-02	2018-09-02	293
8299	300000.00	69	8.13	6427.00	49	2010-12-07	2016-09-07	243
3552	300000.00	141	12.57	7826.00	130	2019-08-27	2031-05-27	119
4557	600000.00	72	9.26	14177.00	61	2018-10-26	2024-10-26	284
6100	700000.00	6	13.02	116667.00	6	2010-04-08	2010-10-08	27
7228	800000.00	39	12.61	29292.00	25	2021-08-07	2024-11-07	285
6996	700000.00	45	15.00	23658.00	27	2010-04-26	2014-01-26	133
5472	400000.00	21	14.86	21878.00	15	2013-06-08	2015-03-08	153
1203	900000.00	54	8.61	23191.00	28	2017-12-12	2022-06-12	148
8244	800000.00	123	13.55	23177.00	84	2011-09-04	2021-12-04	97
9097	600000.00	111	8.63	11386.00	72	2011-02-10	2020-05-10	40
8297	600000.00	150	15.86	23403.00	98	2019-01-20	2031-07-20	11
2660	500000.00	12	17.84	49100.00	7	2010-11-22	2011-11-22	20
4351	500000.00	12	8.73	45304.00	9	2021-04-21	2022-04-21	116
2402	800000.00	135	13.13	23020.00	75	2014-09-27	2025-12-27	51
4134	400000.00	141	11.36	9265.00	97	2023-04-03	2035-01-03	37
6445	900000.00	60	9.20	23292.00	37	2016-06-21	2021-06-21	112
4060	300000.00	84	14.88	9431.00	56	2018-12-06	2025-12-06	236
2761	200000.00	81	10.43	4478.00	59	2017-11-10	2024-08-10	256
7946	200000.00	15	16.46	15528.00	10	2022-10-03	2024-01-03	122
1504	600000.00	180	11.75	17644.00	151	2010-12-19	2025-12-19	16
3277	500000.00	75	13.08	13939.00	45	2013-05-16	2019-08-16	208
9084	300000.00	99	11.14	7054.00	55	2021-02-21	2029-05-21	215
6042	600000.00	9	18.00	66667.00	5	2015-12-20	2016-09-20	210
9503	700000.00	156	8.02	12233.00	101	2011-04-14	2024-04-14	162
4878	600000.00	102	13.02	15660.00	78	2020-10-23	2029-04-23	290
5772	700000.00	150	9.21	13432.00	87	2021-06-14	2033-12-14	151
6758	800000.00	18	15.23	51213.00	13	2014-06-05	2015-12-05	120
2525	300000.00	9	12.82	33333.00	8	2013-03-31	2013-12-31	107
5958	200000.00	153	11.54	4847.00	118	2014-03-05	2026-12-05	93
5289	200000.00	48	15.31	7366.00	28	2011-01-16	2015-01-16	24
7972	500000.00	30	9.90	20130.00	21	2011-11-29	2014-05-29	196
3079	100000.00	102	13.22	2647.00	54	2013-06-04	2021-12-04	8
7116	1000000.00	72	11.83	27165.00	44	2019-04-17	2025-04-17	57
5694	400000.00	120	15.35	13901.00	63	2013-06-18	2023-06-18	159
1390	400000.00	39	9.83	13588.00	29	2021-08-08	2024-11-08	196
\.


--
-- Data for Name: auth_group; Type: TABLE DATA; Schema: public; Owner: postgres
--

COPY public.auth_group (id, name) FROM stdin;
\.


--
-- Data for Name: auth_group_permissions; Type: TABLE DATA; Schema: public; Owner: postgres
--

COPY public.auth_group_permissions (id, group_id, permission_id) FROM stdin;
\.


--
-- Data for Name: auth_permission; Type: TABLE DATA; Schema: public; Owner: postgres
--

COPY public.auth_permission (id, name, content_type_id, codename) FROM stdin;
1	Can add log entry	1	add_logentry
2	Can change log entry	1	change_logentry
3	Can delete log entry	1	delete_logentry
4	Can view log entry	1	view_logentry
5	Can add permission	2	add_permission
6	Can change permission	2	change_permission
7	Can delete permission	2	delete_permission
8	Can view permission	2	view_permission
9	Can add group	3	add_group
10	Can change group	3	change_group
11	Can delete group	3	delete_group
12	Can view group	3	view_group
13	Can add user	4	add_user
14	Can change user	4	change_user
15	Can delete user	4	delete_user
16	Can view user	4	view_user
17	Can add content type	5	add_contenttype
18	Can change content type	5	change_contenttype
19	Can delete content type	5	delete_contenttype
20	Can view content type	5	view_contenttype
21	Can add session	6	add_session
22	Can change session	6	change_session
23	Can delete session	6	delete_session
24	Can view session	6	view_session
25	Can add customer model	7	add_customermodel
26	Can change customer model	7	change_customermodel
27	Can delete customer model	7	delete_customermodel
28	Can view customer model	7	view_customermodel
29	Can add loan model	8	add_loanmodel
30	Can change loan model	8	change_loanmodel
31	Can delete loan model	8	delete_loanmodel
32	Can view loan model	8	view_loanmodel
\.


--
-- Data for Name: auth_user; Type: TABLE DATA; Schema: public; Owner: postgres
--

COPY public.auth_user (id, password, last_login, is_superuser, username, first_name, last_name, email, is_staff, is_active, date_joined) FROM stdin;
\.


--
-- Data for Name: auth_user_groups; Type: TABLE DATA; Schema: public; Owner: postgres
--

COPY public.auth_user_groups (id, user_id, group_id) FROM stdin;
\.


--
-- Data for Name: auth_user_user_permissions; Type: TABLE DATA; Schema: public; Owner: postgres
--

COPY public.auth_user_user_permissions (id, user_id, permission_id) FROM stdin;
\.


--
-- Data for Name: django_admin_log; Type: TABLE DATA; Schema: public; Owner: postgres
--

COPY public.django_admin_log (id, action_time, object_id, object_repr, action_flag, change_message, content_type_id, user_id) FROM stdin;
\.


--
-- Data for Name: django_content_type; Type: TABLE DATA; Schema: public; Owner: postgres
--

COPY public.django_content_type (id, app_label, model) FROM stdin;
1	admin	logentry
2	auth	permission
3	auth	group
4	auth	user
5	contenttypes	contenttype
6	sessions	session
7	api	customermodel
8	api	loanmodel
\.


--
-- Data for Name: django_migrations; Type: TABLE DATA; Schema: public; Owner: postgres
--

COPY public.django_migrations (id, app, name, applied) FROM stdin;
1	contenttypes	0001_initial	2025-05-31 17:48:59.423796+05:30
2	auth	0001_initial	2025-05-31 17:48:59.529211+05:30
3	admin	0001_initial	2025-05-31 17:48:59.558361+05:30
4	admin	0002_logentry_remove_auto_add	2025-05-31 17:48:59.566863+05:30
5	admin	0003_logentry_add_action_flag_choices	2025-05-31 17:48:59.576459+05:30
6	api	0001_initial	2025-05-31 17:48:59.596949+05:30
7	contenttypes	0002_remove_content_type_name	2025-05-31 17:48:59.619041+05:30
8	auth	0002_alter_permission_name_max_length	2025-05-31 17:48:59.631322+05:30
9	auth	0003_alter_user_email_max_length	2025-05-31 17:48:59.647035+05:30
10	auth	0004_alter_user_username_opts	2025-05-31 17:48:59.656152+05:30
11	auth	0005_alter_user_last_login_null	2025-05-31 17:48:59.663479+05:30
12	auth	0006_require_contenttypes_0002	2025-05-31 17:48:59.665492+05:30
13	auth	0007_alter_validators_add_error_messages	2025-05-31 17:48:59.674845+05:30
14	auth	0008_alter_user_username_max_length	2025-05-31 17:48:59.690192+05:30
15	auth	0009_alter_user_last_name_max_length	2025-05-31 17:48:59.698782+05:30
16	auth	0010_alter_group_name_max_length	2025-05-31 17:48:59.710196+05:30
17	auth	0011_update_proxy_permissions	2025-05-31 17:48:59.719878+05:30
18	auth	0012_alter_user_first_name_max_length	2025-05-31 17:48:59.729498+05:30
19	sessions	0001_initial	2025-05-31 17:48:59.742637+05:30
20	api	0002_alter_customermodel_customer_id	2025-05-31 17:50:32.892264+05:30
21	api	0003_alter_loanmodel_loan_id	2025-06-05 22:06:45.45569+05:30
22	api	0004_remove_loanmodel_id_alter_loanmodel_loan_id	2025-06-05 22:09:39.960384+05:30
\.


--
-- Data for Name: django_session; Type: TABLE DATA; Schema: public; Owner: postgres
--

COPY public.django_session (session_key, session_data, expire_date) FROM stdin;
\.


--
-- Name: api_customermodel_customer_id_seq; Type: SEQUENCE SET; Schema: public; Owner: postgres
--

SELECT pg_catalog.setval('public.api_customermodel_customer_id_seq', 1, false);


--
-- Name: api_loanmodel_loan_id_seq; Type: SEQUENCE SET; Schema: public; Owner: postgres
--

SELECT pg_catalog.setval('public.api_loanmodel_loan_id_seq', 1, false);


--
-- Name: auth_group_id_seq; Type: SEQUENCE SET; Schema: public; Owner: postgres
--

SELECT pg_catalog.setval('public.auth_group_id_seq', 1, false);


--
-- Name: auth_group_permissions_id_seq; Type: SEQUENCE SET; Schema: public; Owner: postgres
--

SELECT pg_catalog.setval('public.auth_group_permissions_id_seq', 1, false);


--
-- Name: auth_permission_id_seq; Type: SEQUENCE SET; Schema: public; Owner: postgres
--

SELECT pg_catalog.setval('public.auth_permission_id_seq', 32, true);


--
-- Name: auth_user_groups_id_seq; Type: SEQUENCE SET; Schema: public; Owner: postgres
--

SELECT pg_catalog.setval('public.auth_user_groups_id_seq', 1, false);


--
-- Name: auth_user_id_seq; Type: SEQUENCE SET; Schema: public; Owner: postgres
--

SELECT pg_catalog.setval('public.auth_user_id_seq', 1, false);


--
-- Name: auth_user_user_permissions_id_seq; Type: SEQUENCE SET; Schema: public; Owner: postgres
--

SELECT pg_catalog.setval('public.auth_user_user_permissions_id_seq', 1, false);


--
-- Name: django_admin_log_id_seq; Type: SEQUENCE SET; Schema: public; Owner: postgres
--

SELECT pg_catalog.setval('public.django_admin_log_id_seq', 1, false);


--
-- Name: django_content_type_id_seq; Type: SEQUENCE SET; Schema: public; Owner: postgres
--

SELECT pg_catalog.setval('public.django_content_type_id_seq', 8, true);


--
-- Name: django_migrations_id_seq; Type: SEQUENCE SET; Schema: public; Owner: postgres
--

SELECT pg_catalog.setval('public.django_migrations_id_seq', 22, true);


--
-- Name: api_customermodel api_customermodel_pkey; Type: CONSTRAINT; Schema: public; Owner: postgres
--

ALTER TABLE ONLY public.api_customermodel
    ADD CONSTRAINT api_customermodel_pkey PRIMARY KEY (customer_id);


--
-- Name: api_loanmodel api_loanmodel_loan_id_3645ae70_pk; Type: CONSTRAINT; Schema: public; Owner: postgres
--

ALTER TABLE ONLY public.api_loanmodel
    ADD CONSTRAINT api_loanmodel_loan_id_3645ae70_pk PRIMARY KEY (loan_id);


--
-- Name: auth_group auth_group_name_key; Type: CONSTRAINT; Schema: public; Owner: postgres
--

ALTER TABLE ONLY public.auth_group
    ADD CONSTRAINT auth_group_name_key UNIQUE (name);


--
-- Name: auth_group_permissions auth_group_permissions_group_id_permission_id_0cd325b0_uniq; Type: CONSTRAINT; Schema: public; Owner: postgres
--

ALTER TABLE ONLY public.auth_group_permissions
    ADD CONSTRAINT auth_group_permissions_group_id_permission_id_0cd325b0_uniq UNIQUE (group_id, permission_id);


--
-- Name: auth_group_permissions auth_group_permissions_pkey; Type: CONSTRAINT; Schema: public; Owner: postgres
--

ALTER TABLE ONLY public.auth_group_permissions
    ADD CONSTRAINT auth_group_permissions_pkey PRIMARY KEY (id);


--
-- Name: auth_group auth_group_pkey; Type: CONSTRAINT; Schema: public; Owner: postgres
--

ALTER TABLE ONLY public.auth_group
    ADD CONSTRAINT auth_group_pkey PRIMARY KEY (id);


--
-- Name: auth_permission auth_permission_content_type_id_codename_01ab375a_uniq; Type: CONSTRAINT; Schema: public; Owner: postgres
--

ALTER TABLE ONLY public.auth_permission
    ADD CONSTRAINT auth_permission_content_type_id_codename_01ab375a_uniq UNIQUE (content_type_id, codename);


--
-- Name: auth_permission auth_permission_pkey; Type: CONSTRAINT; Schema: public; Owner: postgres
--

ALTER TABLE ONLY public.auth_permission
    ADD CONSTRAINT auth_permission_pkey PRIMARY KEY (id);


--
-- Name: auth_user_groups auth_user_groups_pkey; Type: CONSTRAINT; Schema: public; Owner: postgres
--

ALTER TABLE ONLY public.auth_user_groups
    ADD CONSTRAINT auth_user_groups_pkey PRIMARY KEY (id);


--
-- Name: auth_user_groups auth_user_groups_user_id_group_id_94350c0c_uniq; Type: CONSTRAINT; Schema: public; Owner: postgres
--

ALTER TABLE ONLY public.auth_user_groups
    ADD CONSTRAINT auth_user_groups_user_id_group_id_94350c0c_uniq UNIQUE (user_id, group_id);


--
-- Name: auth_user auth_user_pkey; Type: CONSTRAINT; Schema: public; Owner: postgres
--

ALTER TABLE ONLY public.auth_user
    ADD CONSTRAINT auth_user_pkey PRIMARY KEY (id);


--
-- Name: auth_user_user_permissions auth_user_user_permissions_pkey; Type: CONSTRAINT; Schema: public; Owner: postgres
--

ALTER TABLE ONLY public.auth_user_user_permissions
    ADD CONSTRAINT auth_user_user_permissions_pkey PRIMARY KEY (id);


--
-- Name: auth_user_user_permissions auth_user_user_permissions_user_id_permission_id_14a6b632_uniq; Type: CONSTRAINT; Schema: public; Owner: postgres
--

ALTER TABLE ONLY public.auth_user_user_permissions
    ADD CONSTRAINT auth_user_user_permissions_user_id_permission_id_14a6b632_uniq UNIQUE (user_id, permission_id);


--
-- Name: auth_user auth_user_username_key; Type: CONSTRAINT; Schema: public; Owner: postgres
--

ALTER TABLE ONLY public.auth_user
    ADD CONSTRAINT auth_user_username_key UNIQUE (username);


--
-- Name: django_admin_log django_admin_log_pkey; Type: CONSTRAINT; Schema: public; Owner: postgres
--

ALTER TABLE ONLY public.django_admin_log
    ADD CONSTRAINT django_admin_log_pkey PRIMARY KEY (id);


--
-- Name: django_content_type django_content_type_app_label_model_76bd3d3b_uniq; Type: CONSTRAINT; Schema: public; Owner: postgres
--

ALTER TABLE ONLY public.django_content_type
    ADD CONSTRAINT django_content_type_app_label_model_76bd3d3b_uniq UNIQUE (app_label, model);


--
-- Name: django_content_type django_content_type_pkey; Type: CONSTRAINT; Schema: public; Owner: postgres
--

ALTER TABLE ONLY public.django_content_type
    ADD CONSTRAINT django_content_type_pkey PRIMARY KEY (id);


--
-- Name: django_migrations django_migrations_pkey; Type: CONSTRAINT; Schema: public; Owner: postgres
--

ALTER TABLE ONLY public.django_migrations
    ADD CONSTRAINT django_migrations_pkey PRIMARY KEY (id);


--
-- Name: django_session django_session_pkey; Type: CONSTRAINT; Schema: public; Owner: postgres
--

ALTER TABLE ONLY public.django_session
    ADD CONSTRAINT django_session_pkey PRIMARY KEY (session_key);


--
-- Name: api_loanmodel_customer_id_id_924da3fc; Type: INDEX; Schema: public; Owner: postgres
--

CREATE INDEX api_loanmodel_customer_id_id_924da3fc ON public.api_loanmodel USING btree (customer_id_id);


--
-- Name: auth_group_name_a6ea08ec_like; Type: INDEX; Schema: public; Owner: postgres
--

CREATE INDEX auth_group_name_a6ea08ec_like ON public.auth_group USING btree (name varchar_pattern_ops);


--
-- Name: auth_group_permissions_group_id_b120cbf9; Type: INDEX; Schema: public; Owner: postgres
--

CREATE INDEX auth_group_permissions_group_id_b120cbf9 ON public.auth_group_permissions USING btree (group_id);


--
-- Name: auth_group_permissions_permission_id_84c5c92e; Type: INDEX; Schema: public; Owner: postgres
--

CREATE INDEX auth_group_permissions_permission_id_84c5c92e ON public.auth_group_permissions USING btree (permission_id);


--
-- Name: auth_permission_content_type_id_2f476e4b; Type: INDEX; Schema: public; Owner: postgres
--

CREATE INDEX auth_permission_content_type_id_2f476e4b ON public.auth_permission USING btree (content_type_id);


--
-- Name: auth_user_groups_group_id_97559544; Type: INDEX; Schema: public; Owner: postgres
--

CREATE INDEX auth_user_groups_group_id_97559544 ON public.auth_user_groups USING btree (group_id);


--
-- Name: auth_user_groups_user_id_6a12ed8b; Type: INDEX; Schema: public; Owner: postgres
--

CREATE INDEX auth_user_groups_user_id_6a12ed8b ON public.auth_user_groups USING btree (user_id);


--
-- Name: auth_user_user_permissions_permission_id_1fbb5f2c; Type: INDEX; Schema: public; Owner: postgres
--

CREATE INDEX auth_user_user_permissions_permission_id_1fbb5f2c ON public.auth_user_user_permissions USING btree (permission_id);


--
-- Name: auth_user_user_permissions_user_id_a95ead1b; Type: INDEX; Schema: public; Owner: postgres
--

CREATE INDEX auth_user_user_permissions_user_id_a95ead1b ON public.auth_user_user_permissions USING btree (user_id);


--
-- Name: auth_user_username_6821ab7c_like; Type: INDEX; Schema: public; Owner: postgres
--

CREATE INDEX auth_user_username_6821ab7c_like ON public.auth_user USING btree (username varchar_pattern_ops);


--
-- Name: django_admin_log_content_type_id_c4bce8eb; Type: INDEX; Schema: public; Owner: postgres
--

CREATE INDEX django_admin_log_content_type_id_c4bce8eb ON public.django_admin_log USING btree (content_type_id);


--
-- Name: django_admin_log_user_id_c564eba6; Type: INDEX; Schema: public; Owner: postgres
--

CREATE INDEX django_admin_log_user_id_c564eba6 ON public.django_admin_log USING btree (user_id);


--
-- Name: django_session_expire_date_a5c62663; Type: INDEX; Schema: public; Owner: postgres
--

CREATE INDEX django_session_expire_date_a5c62663 ON public.django_session USING btree (expire_date);


--
-- Name: django_session_session_key_c0390e0f_like; Type: INDEX; Schema: public; Owner: postgres
--

CREATE INDEX django_session_session_key_c0390e0f_like ON public.django_session USING btree (session_key varchar_pattern_ops);


--
-- Name: api_loanmodel api_loanmodel_customer_id_id_924da3fc_fk_api_custo; Type: FK CONSTRAINT; Schema: public; Owner: postgres
--

ALTER TABLE ONLY public.api_loanmodel
    ADD CONSTRAINT api_loanmodel_customer_id_id_924da3fc_fk_api_custo FOREIGN KEY (customer_id_id) REFERENCES public.api_customermodel(customer_id) DEFERRABLE INITIALLY DEFERRED;


--
-- Name: auth_group_permissions auth_group_permissio_permission_id_84c5c92e_fk_auth_perm; Type: FK CONSTRAINT; Schema: public; Owner: postgres
--

ALTER TABLE ONLY public.auth_group_permissions
    ADD CONSTRAINT auth_group_permissio_permission_id_84c5c92e_fk_auth_perm FOREIGN KEY (permission_id) REFERENCES public.auth_permission(id) DEFERRABLE INITIALLY DEFERRED;


--
-- Name: auth_group_permissions auth_group_permissions_group_id_b120cbf9_fk_auth_group_id; Type: FK CONSTRAINT; Schema: public; Owner: postgres
--

ALTER TABLE ONLY public.auth_group_permissions
    ADD CONSTRAINT auth_group_permissions_group_id_b120cbf9_fk_auth_group_id FOREIGN KEY (group_id) REFERENCES public.auth_group(id) DEFERRABLE INITIALLY DEFERRED;


--
-- Name: auth_permission auth_permission_content_type_id_2f476e4b_fk_django_co; Type: FK CONSTRAINT; Schema: public; Owner: postgres
--

ALTER TABLE ONLY public.auth_permission
    ADD CONSTRAINT auth_permission_content_type_id_2f476e4b_fk_django_co FOREIGN KEY (content_type_id) REFERENCES public.django_content_type(id) DEFERRABLE INITIALLY DEFERRED;


--
-- Name: auth_user_groups auth_user_groups_group_id_97559544_fk_auth_group_id; Type: FK CONSTRAINT; Schema: public; Owner: postgres
--

ALTER TABLE ONLY public.auth_user_groups
    ADD CONSTRAINT auth_user_groups_group_id_97559544_fk_auth_group_id FOREIGN KEY (group_id) REFERENCES public.auth_group(id) DEFERRABLE INITIALLY DEFERRED;


--
-- Name: auth_user_groups auth_user_groups_user_id_6a12ed8b_fk_auth_user_id; Type: FK CONSTRAINT; Schema: public; Owner: postgres
--

ALTER TABLE ONLY public.auth_user_groups
    ADD CONSTRAINT auth_user_groups_user_id_6a12ed8b_fk_auth_user_id FOREIGN KEY (user_id) REFERENCES public.auth_user(id) DEFERRABLE INITIALLY DEFERRED;


--
-- Name: auth_user_user_permissions auth_user_user_permi_permission_id_1fbb5f2c_fk_auth_perm; Type: FK CONSTRAINT; Schema: public; Owner: postgres
--

ALTER TABLE ONLY public.auth_user_user_permissions
    ADD CONSTRAINT auth_user_user_permi_permission_id_1fbb5f2c_fk_auth_perm FOREIGN KEY (permission_id) REFERENCES public.auth_permission(id) DEFERRABLE INITIALLY DEFERRED;


--
-- Name: auth_user_user_permissions auth_user_user_permissions_user_id_a95ead1b_fk_auth_user_id; Type: FK CONSTRAINT; Schema: public; Owner: postgres
--

ALTER TABLE ONLY public.auth_user_user_permissions
    ADD CONSTRAINT auth_user_user_permissions_user_id_a95ead1b_fk_auth_user_id FOREIGN KEY (user_id) REFERENCES public.auth_user(id) DEFERRABLE INITIALLY DEFERRED;


--
-- Name: django_admin_log django_admin_log_content_type_id_c4bce8eb_fk_django_co; Type: FK CONSTRAINT; Schema: public; Owner: postgres
--

ALTER TABLE ONLY public.django_admin_log
    ADD CONSTRAINT django_admin_log_content_type_id_c4bce8eb_fk_django_co FOREIGN KEY (content_type_id) REFERENCES public.django_content_type(id) DEFERRABLE INITIALLY DEFERRED;


--
-- Name: django_admin_log django_admin_log_user_id_c564eba6_fk_auth_user_id; Type: FK CONSTRAINT; Schema: public; Owner: postgres
--

ALTER TABLE ONLY public.django_admin_log
    ADD CONSTRAINT django_admin_log_user_id_c564eba6_fk_auth_user_id FOREIGN KEY (user_id) REFERENCES public.auth_user(id) DEFERRABLE INITIALLY DEFERRED;


--
-- PostgreSQL database dump complete
--

